%Time, Value
 18.660, 9.52
 18.660, 60.4
 18.660, 167
 18.660, 265
 18.660, 283
 18.660, 253
 18.660, 260
 18.660, 300
 18.660, 304
 18.660, 258
 18.660, 215
 18.660, 207
 18.660, 209
 18.660, 189
 18.660, 152
 18.660, 127
 18.660, 140
 18.660, 193
 18.660, 235
 18.660, 214
 18.660, 145
 18.660, 99.2
 18.660, 111
 18.660, 139
 18.660, 142
 18.660, 138
 18.660, 160
 18.660, 200
 18.660, 224
 18.660, 214
 18.660, 188
 18.660, 183
 18.660, 215
 18.660, 254
 18.660, 249
 18.660, 200
 18.660, 160
 18.660, 169
 18.660, 206
 18.660, 234
 18.660, 238
 18.660, 217
 18.660, 178
 18.660, 150
 18.660, 155
 18.660, 169
 18.660, 156
 18.660, 128
 18.660, 136
 18.660, 193
 18.660, 243
 18.660, 223
 18.660, 154
 18.660, 110
 18.660, 116
 18.660, 131
 18.660, 129
 18.660, 135
 18.660, 171
 18.660, 215
 18.660, 229
 18.660, 212
 18.660, 199
 18.660, 210
 18.660, 230
 18.660, 238
 18.660, 237
 18.660, 237
 18.660, 223
 18.660, 182
 18.660, 141
 18.660, 148
 18.660, 200
 18.660, 246
 18.660, 249
 18.660, 216
 18.660, 174
 18.660, 129
 18.660, 82.6
 18.660, 49.6
 18.660, 48
 18.660, 76
 18.660, 109
 18.660, 125
 18.660, 126
 18.660, 123
 18.660, 126
 18.660, 136
 18.660, 148
 18.660, 149
 18.660, 129
 18.660, 99.3
 18.660, 94.6
 18.660, 129
 18.660, 170
 18.660, 174
 18.660, 137
 18.660, 96.8
 18.660, 86.1
 18.660, 110
 18.660, 139
 18.660, 139
 18.660, 111
 18.660, 78.4
 18.660, 47.2
 18.660, 3.34
 18.660, -44.4
 18.660, -70.4
 18.660, -72.8
 18.660, -76.4
 18.660, -99.6
 18.660, -138
 18.660, -174
 18.660, -191
 18.660, -191
 18.660, -190
 18.660, -198
 18.660, -212
 18.660, -226
 18.660, -235
 18.660, -238
 18.660, -232
 18.660, -224
 18.660, -226
 18.660, -234
 18.660, -221
 18.660, -174
 18.660, -131
 18.660, -140
 18.660, -185
 18.660, -205
 18.660, -177
 18.660, -134
 18.660, -109
 18.660, -97.8
 18.660, -87.5
 18.660, -80.3
 18.660, -77.9
 18.660, -72.3
 18.660, -58.3
 18.660, -45.6
 18.660, -49.3
 18.660, -67.6
 18.660, -79.3
 18.660, -65.3
 18.660, -30.2
 18.660, 0.0305
 18.660, 4.59
 18.660, -6.06
 18.660, -2.21
 18.660, 23.7
 18.660, 43.5
 18.660, 31.6
 18.660, 1.85
 18.660, -11
 18.660, 0.549
 18.660, 18.1
 18.660, 32.1
 18.660, 44.5
 18.660, 53.1
 18.660, 58.2
 18.660, 64.6
 18.660, 67.8
 18.660, 60.4
 18.660, 51.6
 18.660, 57.9
 18.660, 79.3
 18.660, 99.7
 18.660, 109
 18.660, 113
 18.660, 122
 18.660, 133
 18.660, 130
 18.660, 105
 18.660, 73.8
 18.660, 62.4
 18.660, 67.3
 18.660, 60.1
 18.660, 35.7
 18.660, 25.1
 18.660, 45.9
 18.660, 77.7
 18.660, 92
 18.660, 81.1
 18.660, 55.9
 18.660, 36.6
 18.660, 42.5
 18.660, 73.2
 18.660, 108
 18.660, 125
 18.660, 114
 18.660, 78.5
 18.660, 37.3
 18.660, 17.7
 18.660, 29.2
 18.660, 56.3
 18.660, 78.3
 18.660, 89.1
 18.660, 93.8
 18.660, 92.8
 18.660, 81
 18.660, 64.6
 18.660, 66.5
 18.660, 103
 18.660, 158
 18.660, 195
 18.660, 205
 18.660, 208
 18.660, 216
 18.660, 225
 18.660, 239
 18.660, 251
 18.660, 243
 18.660, 215
 18.660, 194
 18.660, 199
 18.660, 213
 18.660, 213
 18.660, 200
 18.660, 181
 18.660, 163
 18.660, 153
 18.660, 159
 18.660, 169
 18.660, 160
 18.660, 130
 18.660, 105
 18.660, 92.1
 18.660, 73.3
 18.660, 43
 18.660, 27.5
 18.660, 34.5
 18.660, 32.3
 18.660, 3.93
 18.660, -22.8
 18.660, -27.4
 18.660, -35.7
 18.660, -76.7
 18.660, -129
 18.660, -147
 18.660, -127
 18.660, -107
 18.660, -109
 18.660, -119
 18.660, -121
 18.660, -126
 18.660, -133
 18.660, -133
 18.660, -120
 18.660, -106
 18.660, -116
 18.660, -159
 18.660, -205
 18.660, -213
 18.660, -189
 18.660, -176
 18.660, -185
 18.660, -186
 18.660, -165
 18.660, -146
 18.660, -154
 18.660, -182
 18.660, -211
 18.660, -224
 18.660, -212
 18.660, -193
 18.660, -199
 18.660, -218
 18.660, -207
 18.660, -165
 18.660, -142
 18.660, -172
 18.660, -213
 18.660, -203
 18.660, -149
 18.660, -124
 18.660, -159
 18.660, -204
 18.660, -200
 18.660, -162
 18.660, -144
 18.660, -163
 18.660, -197
 18.660, -223
 18.660, -227
 18.660, -205
 18.660, -165
 18.660, -125
 18.660, -98.1
 18.660, -89.3
 18.660, -104
 18.660, -144
 18.660, -197
 18.660, -232
 18.660, -214
 18.660, -152
 18.660, -121
 18.660, -177
 18.660, -278
 18.660, -332
 18.660, -303
 18.660, -237
 18.660, -193
 18.660, -203
 18.660, -250
 18.660, -279
 18.660, -251
 18.660, -202
 18.660, -196
 18.660, -236
 18.660, -267
 18.660, -250
 18.660, -207
 18.660, -182
 18.660, -191
 18.660, -215
 18.660, -231
 18.660, -235
 18.660, -220
 18.660, -166
 18.660, -77.4
 18.660, 5.84
 18.660, 50.9
 18.660, 63.8
 18.660, 73.6
 18.660, 100
 18.660, 139
 18.660, 168
 18.660, 172
 18.660, 154
 18.660, 138
 18.660, 131
 18.660, 114
 18.660, 76.4
 18.660, 45.2
 18.660, 57.5
 18.660, 105
 18.660, 134
 18.660, 111
 18.660, 56.5
 18.660, 13.4
 18.660, 3.91
 18.660, 16.9
 18.660, 28.1
 18.660, 28.4
 18.660, 29.3
 18.660, 33.7
 18.660, 20
 18.660, -18.4
 18.660, -43
 18.660, -20.4
 18.660, 22.5
 18.660, 39.3
 18.660, 31.2
 18.660, 33.9
 18.660, 55.9
 18.660, 69.3
 18.660, 58
 18.660, 40
 18.660, 33.8
 18.660, 32.2
 18.660, 23
 18.660, 5.21
 18.660, -16.7
 18.660, -24.8
 18.660, 6.07
 18.660, 61.7
 18.660, 85.2
 18.660, 56.9
 18.660, 28.7
 18.660, 45
 18.660, 77.9
 18.660, 79
 18.660, 51.1
 18.660, 27.1
 18.660, 12.6
 18.660, -7.63
 18.660, -30.3
 18.660, -40
 18.660, -37.7
 18.660, -33.7
 18.660, -26.2
 18.660, -8.38
 18.660, 12.1
 18.660, 14.8
 18.660, -12.9
 18.660, -58.1
 18.660, -92.7
 18.660, -104
 18.660, -104
 18.660, -106
 18.660, -108
 18.660, -105
 18.660, -95.7
 18.660, -77.8
 18.660, -56.4
 18.660, -45.8
 18.660, -48.4
 18.660, -55.4
 18.660, -66.8
 18.660, -87
 18.660, -106
 18.660, -114
 18.660, -122
 18.660, -142
 18.660, -162
 18.660, -157
 18.660, -129
 18.660, -108
 18.660, -112
 18.660, -127
 18.660, -129
 18.660, -118
 18.660, -109
 18.660, -114
 18.660, -131
 18.660, -143
 18.660, -137
 18.660, -122
 18.660, -109
 18.660, -98.8
 18.660, -89
 18.660, -86.1
 18.660, -98.7
 18.660, -122
 18.660, -144
 18.660, -156
 18.660, -156
 18.660, -146
 18.660, -129
 18.660, -108
 18.660, -93.3
 18.660, -94.6
 18.660, -107
 18.660, -114
 18.660, -108
 18.660, -96.2
 18.660, -84.1
 18.660, -75.9
 18.660, -82.9
 18.660, -105
 18.660, -116
 18.660, -95.4
 18.660, -61
 18.660, -48.8
 18.660, -71
 18.660, -106
 18.660, -119
 18.660, -95
 18.660, -51.5
 18.660, -19.3
 18.660, -17.3
 18.660, -42.4
 18.660, -70
 18.660, -69.9
 18.660, -36.2
 18.660, 3.45
 18.660, 21.2
 18.660, 18.4
 18.660, 14.3
 18.660, 16.5
 18.660, 14.6
 18.660, -1.69
 18.660, -26.1
 18.660, -42.6
 18.660, -46.3
 18.660, -49.7
 18.660, -61.5
 18.660, -70.1
 18.660, -61.6
 18.660, -49.2
 18.660, -58.6
 18.660, -81.5
 18.660, -74.7
 18.660, -24.4
 18.660, 22.7
 18.660, 23.5
 18.660, -3.99
 18.660, -19
 18.660, -16.1
 18.660, -11.9
 18.660, -9.82
 18.660, -5.92
 18.660, -7.51
 18.660, -20
 18.660, -29.4
 18.660, -17.4
 18.660, 7.62
 18.660, 13.6
 18.660, -14.4
 18.660, -52.6
 18.660, -70
 18.660, -60.4
 18.660, -32.1
 18.660, 4.42
 18.660, 32.9
 18.660, 40.4
 18.660, 28.4
 18.660, 9.23
 18.660, -3.97
 18.660, -4.94
 18.660, -0.0584
 18.660, -1.62
 18.660, -12.3
 18.660, -23.8
 18.660, -31.4
 18.660, -35
 18.660, -27.6
 18.660, -7.57
 18.660, 4.63
 18.660, -10.4
 18.660, -40.6
 18.747, -33.7
 18.747, -23.6
 18.747, -7.91
 18.747, -10.9
 18.747, -29.1
 18.747, -36.2
 18.747, -20.6
 18.747, -1.05
 18.747, -0.0969
 18.747, -19.7
 18.747, -40.7
 18.747, -38.2
 18.747, -6.92
 18.747, 27.1
 18.747, 40.9
 18.747, 49.9
 18.747, 82.7
 18.747, 130
 18.747, 157
 18.747, 159
 18.747, 167
 18.747, 193
 18.747, 203
 18.747, 165
 18.747, 98.7
 18.747, 59.2
 18.747, 70
 18.747, 102
 18.747, 118
 18.747, 104
 18.747, 71.1
 18.747, 42.9
 18.747, 38
 18.747, 57.1
 18.747, 83.4
 18.747, 95.7
 18.747, 84.7
 18.747, 60.4
 18.747, 47
 18.747, 59.6
 18.747, 82.1
 18.747, 81.1
 18.747, 45.1
 18.747, -1.77
 18.747, -28.3
 18.747, -24.3
 18.747, -6.1
 18.747, 0.84
 18.747, -10.2
 18.747, -18
 18.747, -3.05
 18.747, 23.3
 18.747, 35.2
 18.747, 25.1
 18.747, 7.22
 18.747, -0.354
 18.747, 10.8
 18.747, 31.2
 18.747, 35.1
 18.747, 6.44
 18.747, -36.6
 18.747, -62.2
 18.747, -64.2
 18.747, -56.8
 18.833, -45.5
 18.833, -33.9
 18.833, -29.3
 18.833, -33.6
 18.833, -29.3
 18.833, -0.821
 18.833, 40.5
 18.833, 65.9
 18.833, 59.1
 18.833, 28.7
 18.833, -1.38
 18.833, -4.42
 18.833, 30.2
 18.833, 74.8
 18.833, 85.8
 18.833, 60.8
 18.833, 38
 18.833, 35.7
 18.833, 41.8
 18.833, 49.4
 18.833, 54.2
 18.833, 36.9
 18.833, -6.78
 18.833, -41.7
 18.833, -38.7
 18.833, -18.9
 18.833, -19.8
 18.833, -43.2
 18.833, -61.5
 18.833, -57.1
 18.833, -37.2
 18.833, -26.3
 18.833, -48.1
 18.833, -97.3
 18.833, -136
 18.833, -133
 18.833, -100
 18.833, -71.1
 18.833, -58.9
 18.833, -52.9
 18.833, -34.7
 18.833, 13.6
 18.833, 86.4
 18.833, 136
 18.833, 122
 18.833, 77
 18.833, 57.4
 18.833, 69.5
 18.833, 78.7
 18.833, 75.1
 18.833, 81.4
 18.833, 102
 18.833, 107
 18.833, 88.9
 18.833, 78.1
 18.833, 91.7
 18.833, 111
 18.833, 122
 18.833, 131
 18.833, 138
 18.833, 132
 18.833, 115
 18.833, 114
 18.833, 148
 18.946, 200
 18.946, 249
 18.946, 260
 18.946, 244
 18.946, 229
 18.946, 229
 18.946, 234
 18.946, 232
 18.946, 220
 18.946, 208
 18.946, 205
 18.946, 214
 18.946, 231
 18.946, 242
 18.946, 228
 18.946, 193
 18.946, 163
 18.946, 157
 18.946, 158
 18.946, 133
 18.946, 79.8
 18.946, 36.3
 18.946, 37.3
 18.946, 66.6
 18.946, 83.7
 18.946, 84.6
 18.946, 98.3
 18.946, 127
 18.946, 135
 18.946, 102
 18.946, 60.1
 18.946, 53.6
 18.946, 86.9
 18.946, 122
 18.946, 124
 18.946, 98.7
 18.946, 82.4
 18.946, 93.6
 18.946, 113
 18.946, 114
 18.946, 97.5
 18.946, 84.7
 18.946, 83.5
 18.946, 81.6
 18.946, 62.6
 18.946, 24.2
 18.946, -13.5
 18.946, -25.5
 18.946, -6.1
 18.946, 27.5
 18.946, 47.5
 18.946, 34.5
 18.946, -3.25
 18.946, -36.8
 18.946, -43.8
 18.946, -21
 18.946, 20.4
 18.946, 53.3
 18.946, 43.4
 18.946, -13.7
 18.946, -74.6
 18.946, -93.2
 18.946, -73.9
 18.946, -58.6
 19.121, -28.7
 19.121, -51.5
 19.121, -67.3
 19.121, -87.5
 19.121, -128
 19.121, -167
 19.121, -169
 19.121, -144
 19.121, -143
 19.121, -185
 19.121, -225
 19.121, -208
 19.121, -152
 19.121, -125
 19.121, -150
 19.121, -177
 19.121, -167
 19.121, -140
 19.121, -143
 19.121, -183
 19.121, -226
 19.121, -242
 19.121, -228
 19.121, -196
 19.121, -176
 19.121, -202
 19.121, -274
 19.121, -331
 19.121, -304
 19.121, -219
 19.121, -169
 19.121, -193
 19.121, -238
 19.121, -251
 19.121, -235
 19.121, -219
 19.121, -219
 19.121, -238
 19.121, -251
 19.121, -235
 19.121, -206
 19.121, -210
 19.121, -255
 19.121, -293
 19.121, -277
 19.121, -233
 19.121, -222
 19.121, -258
 19.121, -296
 19.121, -299
 19.121, -284
 19.121, -286
 19.121, -300
 19.121, -304
 19.121, -298
 19.121, -299
 19.121, -298
 19.121, -280
 19.121, -266
 19.121, -302
 19.121, -375
 19.121, -409
 19.121, -373
 19.121, -331
 19.254, -347
 19.254, -402
 19.254, -436
 19.254, -442
 19.254, -440
 19.254, -433
 19.254, -431
 19.254, -463
 19.254, -525
 19.254, -572
 19.254, -579
 19.254, -560
 19.254, -545
 19.254, -543
 19.254, -529
 19.254, -479
 19.254, -408
 19.254, -362
 19.254, -353
 19.254, -351
 19.254, -342
 19.254, -343
 19.254, -371
 19.254, -401
 19.254, -397
 19.254, -360
 19.254, -339
 19.254, -363
 19.254, -406
 19.254, -424
 19.254, -405
 19.254, -374
 19.254, -353
 19.254, -333
 19.254, -282
 19.254, -201
 19.254, -137
 19.254, -127
 19.254, -158
 19.254, -175
 19.254, -143
 19.254, -70.6
 19.254, -3.95
 19.254, 32.3
 19.254, 60.6
 19.254, 110
 19.254, 181
 19.254, 259
 19.254, 336
 19.254, 390
 19.254, 398
 19.254, 373
 19.254, 352
 19.254, 347
 19.254, 341
 19.254, 324
 19.254, 301
 19.254, 279
 19.254, 263
 19.254, 246
 19.254, 223
 19.254, 200
 19.254, 176
 19.254, 159
 19.344, 82.4
 19.344, 129
 19.344, 147
 19.344, 107
 19.344, 72.8
 19.344, 126
 19.344, 263
 19.344, 394
 19.344, 458
 19.344, 492
 19.344, 565
 19.344, 664
 19.344, 724
 19.344, 735
 19.344, 752
 19.344, 793
 19.344, 811
 19.344, 781
 19.344, 749
 19.344, 757
 19.344, 781
 19.344, 798
 19.344, 826
 19.344, 868
 19.344, 893
 19.344, 909
 19.344, 966
 19.344, 1.05e+003
 19.344, 1.07e+003
 19.344, 996
 19.344, 904
 19.344, 861
 19.344, 874
 19.344, 899
 19.344, 891
 19.344, 839
 19.344, 776
 19.344, 757
 19.344, 806
 19.344, 889
 19.344, 933
 19.344, 899
 19.344, 829
 19.344, 795
 19.344, 820
 19.344, 863
 19.344, 879
 19.344, 871
 19.344, 861
 19.344, 857
 19.344, 861
 19.344, 886
 19.344, 947
 19.344, 1.03e+003
 19.344, 1.08e+003
 19.344, 1.08e+003
 19.344, 1e+003
 19.344, 889
 19.344, 771
 19.344, 693
 19.344, 666
 19.344, 661
 19.344, 630
 19.344, 563
 19.476, 459
 19.476, 428
 19.476, 423
 19.476, 435
 19.476, 470
 19.476, 515
 19.476, 538
 19.476, 530
 19.476, 505
 19.476, 464
 19.476, 414
 19.476, 376
 19.476, 361
 19.476, 359
 19.476, 364
 19.476, 372
 19.476, 368
 19.476, 341
 19.476, 307
 19.476, 290
 19.476, 295
 19.476, 307
 19.476, 299
 19.476, 265
 19.476, 234
 19.476, 242
 19.476, 276
 19.476, 292
 19.476, 269
 19.476, 225
 19.476, 188
 19.476, 171
 19.476, 161
 19.476, 139
 19.476, 108
 19.476, 96.8
 19.476, 118
 19.476, 133
 19.476, 94.5
 19.476, 18.3
 19.476, -28.9
 19.476, -21.2
 19.476, 7.27
 19.476, 24
 19.476, 28.7
 19.476, 30.2
 19.476, 28.4
 19.476, 13.1
 19.476, -25.6
 19.476, -73
 19.476, -90.2
 19.476, -62.4
 19.476, -32.9
 19.476, -53.5
 19.476, -115
 19.476, -162
 19.476, -169
 19.476, -171
 19.476, -199
 19.476, -231
 19.476, -233
 19.476, -208
 19.476, -195
 19.476, -218
 19.580, -215
 19.580, -257
 19.580, -276
 19.580, -281
 19.580, -280
 19.580, -279
 19.580, -287
 19.580, -312
 19.580, -334
 19.580, -330
 19.580, -310
 19.580, -299
 19.580, -304
 19.580, -319
 19.580, -341
 19.580, -363
 19.580, -386
 19.580, -422
 19.580, -469
 19.580, -498
 19.580, -489
 19.580, -459
 19.580, -441
 19.580, -447
 19.580, -458
 19.580, -452
 19.580, -440
 19.580, -448
 19.580, -469
 19.580, -475
 19.580, -473
 19.580, -512
 19.580, -599
 19.580, -679
 19.580, -709
 19.580, -710
 19.580, -712
 19.580, -709
 19.580, -692
 19.580, -679
 19.580, -668
 19.580, -634
 19.580, -581
 19.580, -557
 19.580, -573
 19.580, -584
 19.580, -559
 19.580, -525
 19.580, -520
 19.580, -535
 19.580, -538
 19.580, -527
 19.580, -517
 19.580, -498
 19.580, -454
 19.580, -398
 19.580, -370
 19.580, -396
 19.580, -437
 19.580, -425
 19.580, -359
 19.580, -319
 19.580, -347
 19.580, -387
 19.742, -342
 19.742, -288
 19.742, -259
 19.742, -274
 19.742, -298
 19.742, -305
 19.742, -309
 19.742, -323
 19.742, -334
 19.742, -323
 19.742, -296
 19.742, -280
 19.742, -283
 19.742, -288
 19.742, -272
 19.742, -229
 19.742, -177
 19.742, -147
 19.742, -145
 19.742, -147
 19.742, -138
 19.742, -121
 19.742, -105
 19.742, -92.8
 19.742, -95.5
 19.742, -120
 19.742, -142
 19.742, -132
 19.742, -100
 19.742, -84
 19.742, -91.2
 19.742, -87.7
 19.742, -57.6
 19.742, -26.8
 19.742, -20.7
 19.742, -37.6
 19.742, -61.2
 19.742, -75.4
 19.742, -82.8
 19.742, -108
 19.742, -159
 19.742, -203
 19.742, -212
 19.742, -201
 19.742, -199
 19.742, -206
 19.742, -214
 19.742, -225
 19.742, -237
 19.742, -241
 19.742, -235
 19.742, -243
 19.742, -282
 19.742, -334
 19.742, -361
 19.742, -357
 19.742, -350
 19.742, -360
 19.742, -366
 19.742, -339
 19.742, -289
 19.742, -263
 19.742, -276
 19.742, -288
 19.853, -238
 19.853, -218
 19.853, -236
 19.853, -276
 19.853, -289
 19.853, -265
 19.853, -248
 19.853, -270
 19.853, -306
 19.853, -309
 19.853, -271
 19.853, -227
 19.853, -216
 19.853, -246
 19.853, -279
 19.853, -286
 19.853, -277
 19.853, -269
 19.853, -255
 19.853, -232
 19.853, -223
 19.853, -248
 19.853, -285
 19.853, -295
 19.853, -272
 19.853, -244
 19.853, -234
 19.853, -237
 19.853, -250
 19.853, -272
 19.853, -288
 19.853, -284
 19.853, -269
 19.853, -261
 19.853, -249
 19.853, -222
 19.853, -189
 19.853, -175
 19.853, -185
 19.853, -202
 19.853, -211
 19.853, -212
 19.853, -209
 19.853, -202
 19.853, -173
 19.853, -120
 19.853, -76.9
 19.853, -78.8
 19.853, -115
 19.853, -144
 19.853, -135
 19.853, -100
 19.853, -86
 19.853, -122
 19.853, -169
 19.853, -166
 19.853, -124
 19.853, -104
 19.853, -119
 19.853, -115
 19.853, -71.2
 19.853, -38
 19.853, -57.6
 19.853, -84.4
 19.969, -35.5
 19.969, 31.9
 19.969, 37.9
 19.969, -42.2
 19.969, -124
 19.969, -133
 19.969, -91.2
 19.969, -63.8
 19.969, -64.7
 19.969, -61.3
 19.969, -39.9
 19.969, -24.3
 19.969, -32.4
 19.969, -48.2
 19.969, -49.7
 19.969, -39.7
 19.969, -33.7
 19.969, -37.7
 19.969, -54.1
 19.969, -83.6
 19.969, -106
 19.969, -88.1
 19.969, -34.4
 19.969, 2.76
 19.969, -7.04
 19.969, -30.8
 19.969, -32.8
 19.969, -28.1
 19.969, -41.5
 19.969, -59.5
 19.969, -57.1
 19.969, -41.1
 19.969, -34.7
 19.969, -39.5
 19.969, -44.8
 19.969, -48.6
 19.969, -41.3
 19.969, -7.45
 19.969, 34.9
 19.969, 48.9
 19.969, 46.2
 19.969, 70.4
 19.969, 112
 19.969, 116
 19.969, 74.8
 19.969, 35.2
 19.969, 32.9
 19.969, 59
 19.969, 86.5
 19.969, 99.4
 19.969, 107
 19.969, 126
 19.969, 141
 19.969, 122
 19.969, 84.2
 19.969, 85.1
 19.969, 129
 19.969, 151
 19.969, 110
 19.969, 48.2
 19.969, 18.9
 19.969, 27.7
 19.969, 49.2
 19.969, 62.2
 20.078, 27.6
 20.078, 8.2
 20.078, -22.6
 20.078, -52.6
 20.078, -57.6
 20.078, -28.7
 20.078, 4.35
 20.078, 9.48
 20.078, -2.13
 20.078, -0.845
 20.078, 13.2
 20.078, 20.9
 20.078, 24.8
 20.078, 45.4
 20.078, 81.7
 20.078, 109
 20.078, 116
 20.078, 115
 20.078, 103
 20.078, 63.3
 20.078, 13.2
 20.078, -9.06
 20.078, 0.892
 20.078, 7.95
 20.078, -6.58
 20.078, -20.7
 20.078, -14
 20.078, -5.06
 20.078, -25.6
 20.078, -68.7
 20.078, -92.5
 20.078, -75.5
 20.078, -41.7
 20.078, -24.6
 20.078, -32.3
 20.078, -54.1
 20.078, -73.8
 20.078, -76.2
 20.078, -65.4
 20.078, -63.3
 20.078, -72.2
 20.078, -68
 20.078, -42.3
 20.078, -14.4
 20.078, 1.12
 20.078, 4.72
 20.078, -0.658
 20.078, -3.67
 20.078, 12.8
 20.078, 35.3
 20.078, 22.6
 20.078, -25.1
 20.078, -56.7
 20.078, -53.5
 20.078, -52.9
 20.078, -74.3
 20.078, -90.9
 20.078, -84.7
 20.078, -71.5
 20.078, -61.5
 20.078, -42.9
 20.078, -21.6
 20.078, -32.9
 20.078, -85.4
 20.253, -147
 20.253, -146
 20.253, -120
 20.253, -119
 20.253, -157
 20.253, -201
 20.253, -217
 20.253, -198
 20.253, -156
 20.253, -107
 20.253, -74.5
 20.253, -74.6
 20.253, -105
 20.253, -141
 20.253, -153
 20.253, -136
 20.253, -111
 20.253, -109
 20.253, -135
 20.253, -156
 20.253, -139
 20.253, -92.8
 20.253, -63.2
 20.253, -76.9
 20.253, -105
 20.253, -102
 20.253, -67.2
 20.253, -36.2
 20.253, -25.8
 20.253, -26.7
 20.253, -34.3
 20.253, -50
 20.253, -60.3
 20.253, -45.6
 20.253, -11.7
 20.253, 6.94
 20.253, -7.93
 20.253, -33.1
 20.253, -42.4
 20.253, -37.5
 20.253, -25.9
 20.253, -7.08
 20.253, 11.4
 20.253, 14.9
 20.253, 3.78
 20.253, -8.03
 20.253, -14.4
 20.253, -19.9
 20.253, -27.1
 20.253, -33.4
 20.253, -42.9
 20.253, -65.1
 20.253, -95.5
 20.253, -110
 20.253, -91.1
 20.253, -49.5
 20.253, -20.8
 20.253, -28.7
 20.253, -58
 20.253, -74.9
 20.253, -68
 20.253, -51
 20.253, -34.8
 20.253, -23.6
 20.366, 72.7
 20.366, 50.4
 20.366, 27.2
 20.366, 23
 20.366, 32.5
 20.366, 38.5
 20.366, 43.6
 20.366, 64.1
 20.366, 96.2
 20.366, 116
 20.366, 111
 20.366, 86.8
 20.366, 61.5
 20.366, 56.6
 20.366, 77.6
 20.366, 96.5
 20.366, 85.3
 20.366, 61.2
 20.366, 59
 20.366, 76.9
 20.366, 91
 20.366, 99
 20.366, 108
 20.366, 102
 20.366, 63.2
 20.366, 11.4
 20.366, -10.5
 20.366, 8.76
 20.366, 35.5
 20.366, 37.2
 20.366, 19.4
 20.366, 11.8
 20.366, 28.7
 20.366, 58.1
 20.366, 90.4
 20.366, 130
 20.366, 167
 20.366, 176
 20.366, 152
 20.366, 122
 20.366, 113
 20.366, 127
 20.366, 145
 20.366, 141
 20.366, 109
 20.366, 73.3
 20.366, 61.4
 20.366, 66.9
 20.366, 68.9
 20.366, 69.9
 20.366, 89.4
 20.366, 122
 20.366, 139
 20.366, 130
 20.366, 124
 20.366, 144
 20.366, 177
 20.366, 198
 20.366, 192
 20.366, 171
 20.366, 155
 20.366, 162
 20.366, 197
 20.366, 231
 20.480, 219
 20.480, 172
 20.480, 137
 20.480, 152
 20.480, 193
 20.480, 219
 20.480, 218
 20.480, 204
 20.480, 187
 20.480, 171
 20.480, 163
 20.480, 169
 20.480, 189
 20.480, 212
 20.480, 238
 20.480, 272
 20.480, 319
 20.480, 381
 20.480, 446
 20.480, 490
 20.480, 505
 20.480, 505
 20.480, 516
 20.480, 539
 20.480, 558
 20.480, 551
 20.480, 524
 20.480, 495
 20.480, 470
 20.480, 438
 20.480, 414
 20.480, 437
 20.480, 510
 20.480, 570
 20.480, 552
 20.480, 485
 20.480, 444
 20.480, 453
 20.480, 468
 20.480, 451
 20.480, 409
 20.480, 366
 20.480, 343
 20.480, 344
 20.480, 351
 20.480, 351
 20.480, 344
 20.480, 347
 20.480, 361
 20.480, 366
 20.480, 346
 20.480, 313
 20.480, 290
 20.480, 286
 20.480, 295
 20.480, 297
 20.480, 273
 20.480, 240
 20.480, 234
 20.480, 256
 20.480, 266
 20.480, 245
 20.480, 227
 20.480, 253
 20.573, 236
 20.573, 260
 20.573, 232
 20.573, 191
 20.573, 175
 20.573, 175
 20.573, 176
 20.573, 183
 20.573, 201
 20.573, 215
 20.573, 209
 20.573, 187
 20.573, 163
 20.573, 160
 20.573, 196
 20.573, 254
 20.573, 296
 20.573, 297
 20.573, 261
 20.573, 212
 20.573, 182
 20.573, 192
 20.573, 219
 20.573, 231
 20.573, 217
 20.573, 202
 20.573, 201
 20.573, 204
 20.573, 199
 20.573, 189
 20.573, 182
 20.573, 172
 20.573, 162
 20.573, 164
 20.573, 174
 20.573, 175
 20.573, 171
 20.573, 179
 20.573, 199
 20.573, 207
 20.573, 184
 20.573, 140
 20.573, 110
 20.573, 116
 20.573, 139
 20.573, 141
 20.573, 118
 20.573, 104
 20.573, 112
 20.573, 124
 20.573, 118
 20.573, 102
 20.573, 87.8
 20.573, 83.4
 20.573, 89.3
 20.573, 101
 20.573, 105
 20.573, 87
 20.573, 48.6
 20.573, 15.5
 20.573, 15.1
 20.573, 44.7
 20.573, 72.4
 20.573, 74.7
 20.712, 11.7
 20.712, -3.61
 20.712, -15.9
 20.712, -22.1
 20.712, -8.28
 20.712, 25.3
 20.712, 55.7
 20.712, 69.6
 20.712, 74.9
 20.712, 74.8
 20.712, 60.9
 20.712, 36.8
 20.712, 21.7
 20.712, 23
 20.712, 24.8
 20.712, 14.2
 20.712, -0.958
 20.712, -13.5
 20.712, -32.1
 20.712, -57.7
 20.712, -70.6
 20.712, -52.4
 20.712, -6.33
 20.712, 42
 20.712, 63.5
 20.712, 64.1
 20.712, 85
 20.712, 140
 20.712, 190
 20.712, 198
 20.712, 179
 20.712, 164
 20.712, 168
 20.712, 174
 20.712, 174
 20.712, 182
 20.712, 211
 20.712, 241
 20.712, 240
 20.712, 214
 20.712, 192
 20.712, 192
 20.712, 212
 20.712, 237
 20.712, 252
 20.712, 249
 20.712, 243
 20.712, 249
 20.712, 264
 20.712, 276
 20.712, 284
 20.712, 288
 20.712, 278
 20.712, 264
 20.712, 275
 20.712, 313
 20.712, 335
 20.712, 307
 20.712, 253
 20.712, 230
 20.712, 248
 20.712, 273
 20.712, 281
 20.712, 271
 20.871, 205
 20.871, 161
 20.871, 125
 20.871, 119
 20.871, 133
 20.871, 148
 20.871, 158
 20.871, 158
 20.871, 152
 20.871, 164
 20.871, 210
 20.871, 246
 20.871, 214
 20.871, 134
 20.871, 82.9
 20.871, 93.7
 20.871, 127
 20.871, 138
 20.871, 115
 20.871, 70
 20.871, 32.6
 20.871, 31.7
 20.871, 59.9
 20.871, 77.9
 20.871, 65.7
 20.871, 39.1
 20.871, 17.7
 20.871, 8.25
 20.871, 7.4
 20.871, 1.77
 20.871, -23.6
 20.871, -66
 20.871, -106
 20.871, -127
 20.871, -123
 20.871, -102
 20.871, -78.5
 20.871, -67.9
 20.871, -66.8
 20.871, -60
 20.871, -50.5
 20.871, -56.5
 20.871, -76.6
 20.871, -85.5
 20.871, -69
 20.871, -42.8
 20.871, -30.8
 20.871, -39.7
 20.871, -59
 20.871, -76.6
 20.871, -79.8
 20.871, -55.2
 20.871, -13
 20.871, 8.27
 20.871, -7.24
 20.871, -23.4
 20.871, -10.7
 20.871, 2.26
 20.871, -22.7
 20.871, -70.3
 20.871, -94.5
 20.871, -81.3
 20.871, -55.8
 20.871, -42.9
 20.986, -53.6
 20.986, -56.5
 20.986, -49.4
 20.986, -33.4
 20.986, -16
 20.986, -2.32
 20.986, 5.53
 20.986, 5.55
 20.986, -0.274
 20.986, -3.79
 20.986, -2.25
 20.986, -9
 20.986, -37.2
 20.986, -72.2
 20.986, -80
 20.986, -51.9
 20.986, -20.3
 20.986, -14.3
 20.986, -21.8
 20.986, -21.9
 20.986, -25.6
 20.986, -48.6
 20.986, -72.6
 20.986, -71.2
 20.986, -48.8
 20.986, -27.6
 20.986, -15.7
 20.986, -11.3
 20.986, -20.3
 20.986, -42
 20.986, -53
 20.986, -36
 20.986, -11.1
 20.986, -9.59
 20.986, -32
 20.986, -56.8
 20.986, -71.6
 20.986, -79.7
 20.986, -87.6
 20.986, -92
 20.986, -81.2
 20.986, -52.6
 20.986, -28
 20.986, -35.4
 20.986, -73.2
 20.986, -105
 20.986, -103
 20.986, -80.9
 20.986, -67.3
 20.986, -67.7
 20.986, -75.6
 20.986, -84.7
 20.986, -79.9
 20.986, -54
 20.986, -32.1
 20.986, -37.4
 20.986, -42.4
 20.986, -1.85
 20.986, 71.2
 20.986, 110
 20.986, 73.7
 20.986, -2.69
 20.986, -50.3
 20.986, -41.8
 21.081, -21.2
 21.081, -28.8
 21.081, -72.1
 21.081, -110
 21.081, -111
 21.081, -81.6
 21.081, -53
 21.081, -47.9
 21.081, -55.8
 21.081, -51.9
 21.081, -38.5
 21.081, -45.7
 21.081, -84.7
 21.081, -126
 21.081, -135
 21.081, -113
 21.081, -88.5
 21.081, -82
 21.081, -91.8
 21.081, -108
 21.081, -121
 21.081, -123
 21.081, -114
 21.081, -107
 21.081, -114
 21.081, -130
 21.081, -137
 21.081, -133
 21.081, -137
 21.081, -161
 21.081, -180
 21.081, -178
 21.081, -168
 21.081, -177
 21.081, -201
 21.081, -206
 21.081, -176
 21.081, -142
 21.081, -137
 21.081, -142
 21.081, -120
 21.081, -78.8
 21.081, -40
 21.081, -9.86
 21.081, 6.76
 21.081, -1.36
 21.081, -24.8
 21.081, -33.1
 21.081, -6.91
 21.081, 45.6
 21.081, 93.6
 21.081, 101
 21.081, 66.7
 21.081, 32.5
 21.081, 38.1
 21.081, 63.1
 21.081, 52.3
 21.081, -0.00458
 21.081, -38.6
 21.081, -32.5
 21.081, -14.5
 21.081, -16.5
 21.081, -24.4
 21.081, -13.7
 21.214, 6.41
 21.214, 7.06
 21.214, -19.5
 21.214, -43.3
 21.214, -37.2
 21.214, -14
 21.214, -5.99
 21.214, -26.2
 21.214, -62.3
 21.214, -92.1
 21.214, -102
 21.214, -99.1
 21.214, -101
 21.214, -109
 21.214, -98
 21.214, -61.4
 21.214, -30.1
 21.214, -37
 21.214, -66.3
 21.214, -72.3
 21.214, -45
 21.214, -25.6
 21.214, -46
 21.214, -80.5
 21.214, -87.7
 21.214, -75
 21.214, -81.8
 21.214, -112
 21.214, -130
 21.214, -126
 21.214, -125
 21.214, -143
 21.214, -157
 21.214, -155
 21.214, -155
 21.214, -175
 21.214, -203
 21.214, -217
 21.214, -208
 21.214, -188
 21.214, -189
 21.214, -227
 21.214, -273
 21.214, -276
 21.214, -231
 21.214, -183
 21.214, -179
 21.214, -216
 21.214, -246
 21.214, -229
 21.214, -193
 21.214, -194
 21.214, -229
 21.214, -239
 21.214, -202
 21.214, -164
 21.214, -175
 21.214, -225
 21.214, -276
 21.214, -292
 21.214, -260
 21.214, -200
 21.214, -160
 21.214, -169
 21.326, -199
 21.326, -196
 21.326, -160
 21.326, -120
 21.326, -103
 21.326, -115
 21.326, -145
 21.326, -164
 21.326, -148
 21.326, -117
 21.326, -111
 21.326, -136
 21.326, -153
 21.326, -129
 21.326, -81
 21.326, -50.4
 21.326, -53.7
 21.326, -62.3
 21.326, -37
 21.326, 14.5
 21.326, 39.1
 21.326, 10.1
 21.326, -32.5
 21.326, -41
 21.326, -27
 21.326, -30.2
 21.326, -47.3
 21.326, -43.3
 21.326, -20.7
 21.326, -21.1
 21.326, -53.8
 21.326, -75
 21.326, -52.5
 21.326, -12.5
 21.326, -2.26
 21.326, -26.6
 21.326, -45.8
 21.326, -36.9
 21.326, -23.5
 21.326, -28.9
 21.326, -40.1
 21.326, -42
 21.326, -45.4
 21.326, -56.6
 21.326, -56.1
 21.326, -32.7
 21.326, -11.4
 21.326, -20
 21.326, -49.6
 21.326, -71.5
 21.326, -75.7
 21.326, -71.5
 21.326, -70.3
 21.326, -84
 21.326, -112
 21.326, -124
 21.326, -93.9
 21.326, -44.8
 21.326, -24.9
 21.326, -38.9
 21.326, -49.3
 21.326, -34.9
 21.326, -16.8
 21.326, -24.7
 21.499, -33.2
 21.499, -62
 21.499, -68.1
 21.499, -55.5
 21.499, -38
 21.499, -25.6
 21.499, -17.8
 21.499, -7.43
 21.499, 7.24
 21.499, 19.5
 21.499, 25.9
 21.499, 28.7
 21.499, 32.6
 21.499, 43.5
 21.499, 57.4
 21.499, 56.6
 21.499, 37
 21.499, 21.7
 21.499, 28.7
 21.499, 45
 21.499, 51.7
 21.499, 52.9
 21.499, 57.8
 21.499, 59.8
 21.499, 55.3
 21.499, 56.2
 21.499, 62.2
 21.499, 51.3
 21.499, 17.6
 21.499, -5.45
 21.499, 13.3
 21.499, 55.8
 21.499, 79
 21.499, 74.7
 21.499, 66.6
 21.499, 60.7
 21.499, 38.2
 21.499, -4.19
 21.499, -38.1
 21.499, -35
 21.499, -4.94
 21.499, 11.3
 21.499, -12.5
 21.499, -62.2
 21.499, -101
 21.499, -103
 21.499, -67.9
 21.499, -23
 21.499, 4.33
 21.499, 7.74
 21.499, -0.19
 21.499, -7.54
 21.499, -8.57
 21.499, 4.43
 21.499, 31
 21.499, 49
 21.499, 37.5
 21.499, 8.01
 21.499, -10.6
 21.499, -12
 21.499, -10.9
 21.499, -9.34
 21.499, -1.97
 21.499, -4.85
 21.608, -20.1
 21.608, -47.8
 21.608, -42.2
 21.608, -15.8
 21.608, -5.65
 21.608, -21.6
 21.608, -44.1
 21.608, -56.3
 21.608, -61.5
 21.608, -72.8
 21.608, -91.6
 21.608, -103
 21.608, -92.7
 21.608, -69.5
 21.608, -53.8
 21.608, -53
 21.608, -53.4
 21.608, -41.9
 21.608, -28.7
 21.608, -34.2
 21.608, -54.7
 21.608, -59.5
 21.608, -36
 21.608, -16.5
 21.608, -37.5
 21.608, -78.4
 21.608, -74.7
 21.608, -7.38
 21.608, 58.5
 21.608, 56.3
 21.608, 6.43
 21.608, -11.3
 21.608, 40.4
 21.608, 115
 21.608, 150
 21.608, 140
 21.608, 116
 21.608, 86.1
 21.608, 45
 21.608, 14.5
 21.608, 19.8
 21.608, 51.5
 21.608, 78.2
 21.608, 80.7
 21.608, 57.7
 21.608, 19.8
 21.608, -8.41
 21.608, -2.2
 21.608, 34
 21.608, 65
 21.608, 58.6
 21.608, 15.2
 21.608, -31.1
 21.608, -44.6
 21.608, -27.6
 21.608, -13.5
 21.608, -17.5
 21.608, -27.7
 21.608, -39.6
 21.608, -58.9
 21.608, -76
 21.608, -72.4
 21.608, -51.8
 21.608, -42.2
 21.717, -28.5
 21.717, -61
 21.717, -77.1
 21.717, -63.3
 21.717, -25.9
 21.717, 14.5
 21.717, 32
 21.717, 16.3
 21.717, -16
 21.717, -39
 21.717, -41.4
 21.717, -30.1
 21.717, -20.2
 21.717, -21
 21.717, -34.5
 21.717, -59.7
 21.717, -88.1
 21.717, -97.8
 21.717, -74.8
 21.717, -41.7
 21.717, -35.7
 21.717, -56.4
 21.717, -66.3
 21.717, -52.8
 21.717, -47.8
 21.717, -68.9
 21.717, -81.5
 21.717, -54.6
 21.717, -17.7
 21.717, -19
 21.717, -53.8
 21.717, -85.1
 21.717, -107
 21.717, -131
 21.717, -134
 21.717, -94.6
 21.717, -51.3
 21.717, -69
 21.717, -145
 21.717, -209
 21.717, -218
 21.717, -199
 21.717, -193
 21.717, -200
 21.717, -206
 21.717, -210
 21.717, -216
 21.717, -219
 21.717, -218
 21.717, -215
 21.717, -198
 21.717, -154
 21.717, -106
 21.717, -92.3
 21.717, -121
 21.717, -151
 21.717, -149
 21.717, -119
 21.717, -94.3
 21.717, -95.7
 21.717, -114
 21.717, -127
 21.717, -129
 21.717, -129
 21.836, -112
 21.836, -92.2
 21.836, -59.4
 21.836, -40.8
 21.836, -49.9
 21.836, -57
 21.836, -27.9
 21.836, 15.6
 21.836, 17.3
 21.836, -27
 21.836, -54.4
 21.836, -19.7
 21.836, 45.8
 21.836, 78.7
 21.836, 56.3
 21.836, 6.03
 21.836, -36.1
 21.836, -55.5
 21.836, -61.1
 21.836, -68.9
 21.836, -78.2
 21.836, -72.1
 21.836, -55.7
 21.836, -63.8
 21.836, -108
 21.836, -149
 21.836, -146
 21.836, -114
 21.836, -95.3
 21.836, -103
 21.836, -112
 21.836, -99.5
 21.836, -74.6
 21.836, -52.9
 21.836, -26.9
 21.836, 7.63
 21.836, 25.1
 21.836, 4.91
 21.836, -28.6
 21.836, -33.7
 21.836, -4.35
 21.836, 29.9
 21.836, 45.8
 21.836, 42.5
 21.836, 26.2
 21.836, 8.54
 21.836, 3.47
 21.836, 10.6
 21.836, 19.4
 21.836, 27.6
 21.836, 29.7
 21.836, 4.67
 21.836, -51.8
 21.836, -102
 21.836, -106
 21.836, -71.1
 21.836, -33.1
 21.836, -12.8
 21.836, -5.94
 21.836, -4.55
 21.836, -6.75
 21.836, -11.6
 21.836, -14.2
 21.836, -9.28
 21.951, 1.37
 21.951, -2.79
 21.951, -22
 21.951, -39
 21.951, -40.1
 21.951, -33.9
 21.951, -30.9
 21.951, -25.7
 21.951, -15.3
 21.951, -12.9
 21.951, -25.1
 21.951, -34.4
 21.951, -26.7
 21.951, -18.6
 21.951, -26.8
 21.951, -32.2
 21.951, -7.33
 21.951, 35.4
 21.951, 53.7
 21.951, 32.4
 21.951, 1.76
 21.951, -8.71
 21.951, -1.26
 21.951, 13.6
 21.951, 33.8
 21.951, 50.7
 21.951, 50.2
 21.951, 31.8
 21.951, 7.01
 21.951, -9.21
 21.951, 2.32
 21.951, 46.7
 21.951, 92.6
 21.951, 98.9
 21.951, 61.7
 21.951, 16
 21.951, -1.91
 21.951, 15.5
 21.951, 39.5
 21.951, 30.9
 21.951, -11.5
 21.951, -41.4
 21.951, -20.9
 21.951, 31.5
 21.951, 67.5
 21.951, 65
 21.951, 45.1
 21.951, 42.4
 21.951, 71.3
 21.951, 111
 21.951, 125
 21.951, 95.3
 21.951, 47.5
 21.951, 19.1
 21.951, 19.1
 21.951, 22.6
 21.951, 7.19
 21.951, -17.8
 21.951, -22.6
 21.951, 6.6
 21.951, 47.8
 21.951, 61.4
 21.951, 34.5
 21.951, 2
 22.132, -4.11
 22.132, 36.4
 22.132, 79.3
 22.132, 100
 22.132, 89.8
 22.132, 48.7
 22.132, -0.329
 22.132, -20.5
 22.132, -3.54
 22.132, 23.6
 22.132, 45.4
 22.132, 74.9
 22.132, 110
 22.132, 114
 22.132, 73.1
 22.132, 28.1
 22.132, 26.8
 22.132, 64.9
 22.132, 96.7
 22.132, 97.9
 22.132, 87.8
 22.132, 90.7
 22.132, 105
 22.132, 119
 22.132, 121
 22.132, 103
 22.132, 72.2
 22.132, 52.5
 22.132, 56.1
 22.132, 66.8
 22.132, 68.8
 22.132, 63.9
 22.132, 55.6
 22.132, 47.7
 22.132, 60.6
 22.132, 109
 22.132, 169
 22.132, 205
 22.132, 224
 22.132, 248
 22.132, 257
 22.132, 211
 22.132, 136
 22.132, 105
 22.132, 131
 22.132, 156
 22.132, 139
 22.132, 99.9
 22.132, 78.5
 22.132, 91.3
 22.132, 119
 22.132, 120
 22.132, 82.9
 22.132, 37.4
 22.132, 15.3
 22.132, 17.6
 22.132, 38.8
 22.132, 75.8
 22.132, 104
 22.132, 92.2
 22.132, 50.4
 22.132, 15.1
 22.132, 7.75
 22.132, 31.1
 22.239, 76.5
 22.239, 113
 22.239, 94.5
 22.239, 22.8
 22.239, -40.8
 22.239, -45.5
 22.239, -9.99
 22.239, 11.9
 22.239, 0.0049
 22.239, -23.7
 22.239, -32.8
 22.239, -12.3
 22.239, 36.7
 22.239, 83.5
 22.239, 85.9
 22.239, 39.2
 22.239, -15.5
 22.239, -36.7
 22.239, -19.6
 22.239, 7.62
 22.239, 12.1
 22.239, -16.4
 22.239, -58.3
 22.239, -83
 22.239, -76.6
 22.239, -51.3
 22.239, -34.7
 22.239, -45.7
 22.239, -71.5
 22.239, -77.7
 22.239, -53.5
 22.239, -31.1
 22.239, -46.2
 22.239, -94.8
 22.239, -143
 22.239, -166
 22.239, -168
 22.239, -159
 22.239, -147
 22.239, -136
 22.239, -134
 22.239, -143
 22.239, -155
 22.239, -163
 22.239, -163
 22.239, -149
 22.239, -116
 22.239, -82.4
 22.239, -77
 22.239, -97.3
 22.239, -107
 22.239, -85.3
 22.239, -57
 22.239, -55.8
 22.239, -78.2
 22.239, -96.3
 22.239, -101
 22.239, -102
 22.239, -99.4
 22.239, -81.9
 22.239, -52.7
 22.239, -31.3
 22.239, -30.5
 22.239, -49.2
 22.351, -73.6
 22.351, -83.6
 22.351, -60.7
 22.351, -24.2
 22.351, -13
 22.351, -38
 22.351, -72.7
 22.351, -90.4
 22.351, -93.4
 22.351, -92.4
 22.351, -76.7
 22.351, -35.7
 22.351, 3.24
 22.351, 2.52
 22.351, -27.5
 22.351, -44.7
 22.351, -39.8
 22.351, -39.6
 22.351, -52.2
 22.351, -53.3
 22.351, -28.3
 22.351, 5.11
 22.351, 17.8
 22.351, -3.02
 22.351, -36.4
 22.351, -41.5
 22.351, -8.41
 22.351, 23.4
 22.351, 20.1
 22.351, 0.596
 22.351, 2.71
 22.351, 25.5
 22.351, 29.8
 22.351, -7.7
 22.351, -58.1
 22.351, -71.4
 22.351, -38.8
 22.351, 0.974
 22.351, 18.3
 22.351, 22.9
 22.351, 29.5
 22.351, 29.3
 22.351, 15.8
 22.351, 8.96
 22.351, 26.4
 22.351, 54.3
 22.351, 70.5
 22.351, 76.1
 22.351, 80.5
 22.351, 74.8
 22.351, 48.2
 22.351, 20.6
 22.351, 24.4
 22.351, 53.8
 22.351, 62.4
 22.351, 26.7
 22.351, -16.6
 22.351, -18
 22.351, 16.9
 22.351, 40.4
 22.351, 30.5
 22.351, 12.4
 22.351, 16.9
 22.351, 45.2
 22.511, 83.4
 22.511, 97.4
 22.511, 86.6
 22.511, 61.5
 22.511, 43.1
 22.511, 39.5
 22.511, 36.2
 22.511, 21.6
 22.511, 5.86
 22.511, 4.3
 22.511, 17.1
 22.511, 28.7
 22.511, 21.1
 22.511, -3.16
 22.511, -16.2
 22.511, -1.62
 22.511, 19.5
 22.511, 16.9
 22.511, -7.92
 22.511, -26.7
 22.511, -21.4
 22.511, -1.76
 22.511, 12.3
 22.511, 14.6
 22.511, 14.2
 22.511, 21
 22.511, 31.7
 22.511, 29.7
 22.511, 4.74
 22.511, -26
 22.511, -28.5
 22.511, 8.06
 22.511, 52.3
 22.511, 65.4
 22.511, 46.6
 22.511, 25.1
 22.511, 15
 22.511, 9.25
 22.511, 11.4
 22.511, 33.6
 22.511, 59.3
 22.511, 56.6
 22.511, 30
 22.511, 13.2
 22.511, 11.6
 22.511, 2.81
 22.511, -11.1
 22.511, -4.85
 22.511, 21.9
 22.511, 42.7
 22.511, 42.1
 22.511, 27.6
 22.511, 13.2
 22.511, 8.34
 22.511, 10.6
 22.511, 5.73
 22.511, -11.4
 22.511, -23.4
 22.511, -12.1
 22.511, 14.1
 22.511, 25
 22.511, 2.56
 22.511, -34.9
 22.511, -47.3
 22.631, -20.9
 22.631, 29.9
 22.631, 69.1
 22.631, 80.8
 22.631, 62.6
 22.631, 24.1
 22.631, -3.72
 22.631, 10.2
 22.631, 53.7
 22.631, 76.8
 22.631, 57.2
 22.631, 25.2
 22.631, 16.5
 22.631, 37.9
 22.631, 81.1
 22.631, 128
 22.631, 146
 22.631, 122
 22.631, 89
 22.631, 86.7
 22.631, 108
 22.631, 125
 22.631, 134
 22.631, 144
 22.631, 150
 22.631, 145
 22.631, 148
 22.631, 172
 22.631, 190
 22.631, 174
 22.631, 144
 22.631, 139
 22.631, 157
 22.631, 162
 22.631, 138
 22.631, 100
 22.631, 65.7
 22.631, 39.5
 22.631, 28.4
 22.631, 35.9
 22.631, 48.2
 22.631, 41.9
 22.631, 11.5
 22.631, -14.4
 22.631, -3.84
 22.631, 29.7
 22.631, 42
 22.631, 24.6
 22.631, 16.6
 22.631, 40.4
 22.631, 63.6
 22.631, 46.7
 22.631, 0.929
 22.631, -30.5
 22.631, -27.7
 22.631, -5.18
 22.631, 11.1
 22.631, 8.85
 22.631, 0.446
 22.631, 3.86
 22.631, 12.9
 22.631, 9.53
 22.631, -0.718
 22.631, 2.71
 22.727, 10
 22.727, 19.6
 22.727, -0.934
 22.727, -51.3
 22.727, -99
 22.727, -102
 22.727, -60.7
 22.727, -21.7
 22.727, -25.3
 22.727, -56.1
 22.727, -71.4
 22.727, -55.2
 22.727, -29.6
 22.727, -23.5
 22.727, -42.1
 22.727, -61.8
 22.727, -59.4
 22.727, -40.1
 22.727, -27.4
 22.727, -32.8
 22.727, -44.7
 22.727, -44
 22.727, -26.7
 22.727, -7.77
 22.727, -0.151
 22.727, -1.47
 22.727, -4.85
 22.727, -9.45
 22.727, -17.5
 22.727, -28.9
 22.727, -38
 22.727, -36.5
 22.727, -24.4
 22.727, -12.7
 22.727, -9
 22.727, -8.53
 22.727, -5.95
 22.727, -5.47
 22.727, -11
 22.727, -20.3
 22.727, -32.7
 22.727, -45.2
 22.727, -45.2
 22.727, -28.5
 22.727, -16
 22.727, -24.7
 22.727, -32
 22.727, -5.71
 22.727, 38
 22.727, 52.8
 22.727, 31.6
 22.727, 12.9
 22.727, 20.5
 22.727, 41.1
 22.727, 59
 22.727, 68.5
 22.727, 59.8
 22.727, 30.6
 22.727, 5.85
 22.727, 7.12
 22.727, 18.6
 22.727, 10.9
 22.727, -12.6
 22.727, -21.2
 22.855, -4.41
 22.855, -3.75
 22.855, -34.6
 22.855, -65.9
 22.855, -63.2
 22.855, -40.1
 22.855, -29.7
 22.855, -31
 22.855, -17.8
 22.855, 13.7
 22.855, 34.2
 22.855, 19.5
 22.855, -17.1
 22.855, -40.2
 22.855, -32.5
 22.855, -6.78
 22.855, 9.78
 22.855, -3.91
 22.855, -43.4
 22.855, -76.5
 22.855, -73.8
 22.855, -39.8
 22.855, -5.31
 22.855, 4.21
 22.855, -14
 22.855, -43.4
 22.855, -64
 22.855, -68.4
 22.855, -61.9
 22.855, -52.5
 22.855, -49.7
 22.855, -63.8
 22.855, -87.9
 22.855, -92.8
 22.855, -66.5
 22.855, -42.8
 22.855, -55
 22.855, -85
 22.855, -95.2
 22.855, -82.7
 22.855, -71.9
 22.855, -73.6
 22.855, -79.4
 22.855, -86.5
 22.855, -100
 22.855, -117
 22.855, -126
 22.855, -130
 22.855, -129
 22.855, -117
 22.855, -96.1
 22.855, -88.5
 22.855, -104
 22.855, -125
 22.855, -133
 22.855, -137
 22.855, -155
 22.855, -177
 22.855, -168
 22.855, -133
 22.855, -119
 22.855, -142
 22.855, -161
 22.855, -141
 22.952, -74.8
 22.952, -43.9
 22.952, -52.8
 22.952, -97.5
 22.952, -148
 22.952, -169
 22.952, -156
 22.952, -144
 22.952, -165
 22.952, -205
 22.952, -224
 22.952, -204
 22.952, -171
 22.952, -151
 22.952, -143
 22.952, -127
 22.952, -98.7
 22.952, -80.7
 22.952, -85
 22.952, -99.1
 22.952, -110
 22.952, -126
 22.952, -155
 22.952, -182
 22.952, -180
 22.952, -156
 22.952, -149
 22.952, -173
 22.952, -197
 22.952, -185
 22.952, -144
 22.952, -114
 22.952, -124
 22.952, -160
 22.952, -188
 22.952, -189
 22.952, -168
 22.952, -140
 22.952, -115
 22.952, -110
 22.952, -131
 22.952, -158
 22.952, -161
 22.952, -139
 22.952, -121
 22.952, -121
 22.952, -122
 22.952, -113
 22.952, -107
 22.952, -117
 22.952, -134
 22.952, -136
 22.952, -117
 22.952, -89.8
 22.952, -81.8
 22.952, -104
 22.952, -131
 22.952, -133
 22.952, -113
 22.952, -103
 22.952, -119
 22.952, -143
 22.952, -153
 22.952, -148
 23.152, -135
 23.152, -151
 23.152, -164
 23.152, -157
 23.152, -138
 23.152, -128
 23.152, -138
 23.152, -154
 23.152, -147
 23.152, -106
 23.152, -57.2
 23.152, -31.4
 23.152, -19
 23.152, 3.66
 23.152, 32.2
 23.152, 48.4
 23.152, 50.7
 23.152, 42.7
 23.152, 20.4
 23.152, -9.53
 23.152, -27.2
 23.152, -25.3
 23.152, -12.9
 23.152, 2.48
 23.152, 15.9
 23.152, 17.9
 23.152, 6.22
 23.152, -5.97
 23.152, -8.65
 23.152, -8.9
 23.152, -15.4
 23.152, -25.2
 23.152, -33.3
 23.152, -39.8
 23.152, -43.2
 23.152, -40.2
 23.152, -34.9
 23.152, -37.2
 23.152, -48.4
 23.152, -53.4
 23.152, -33.7
 23.152, 6.64
 23.152, 38.8
 23.152, 42.1
 23.152, 28.3
 23.152, 25.3
 23.152, 49.9
 23.152, 92.7
 23.152, 123
 23.152, 119
 23.152, 90.4
 23.152, 67.4
 23.152, 60.5
 23.152, 57.1
 23.152, 42.6
 23.152, 18.7
 23.152, 6.29
 23.152, 28.9
 23.152, 77.2
 23.152, 98.1
 23.152, 52.7
 23.152, -19
 23.152, -44.3
 23.152, -14.2
 23.257, -0.127
 23.257, -2.75
 23.257, -23.7
 23.257, -34.7
 23.257, -32.1
 23.257, -29
 23.257, -28.3
 23.257, -16.3
 23.257, 11.8
 23.257, 34.7
 23.257, 34.9
 23.257, 28.8
 23.257, 36.1
 23.257, 44.2
 23.257, 36.9
 23.257, 29.8
 23.257, 46.1
 23.257, 78.1
 23.257, 99.6
 23.257, 105
 23.257, 112
 23.257, 130
 23.257, 133
 23.257, 103
 23.257, 62.9
 23.257, 50
 23.257, 74
 23.257, 109
 23.257, 126
 23.257, 115
 23.257, 87.6
 23.257, 66.9
 23.257, 66.7
 23.257, 79.6
 23.257, 90.3
 23.257, 97
 23.257, 106
 23.257, 114
 23.257, 115
 23.257, 110
 23.257, 104
 23.257, 98.9
 23.257, 102
 23.257, 115
 23.257, 132
 23.257, 142
 23.257, 139
 23.257, 127
 23.257, 117
 23.257, 114
 23.257, 122
 23.257, 137
 23.257, 149
 23.257, 154
 23.257, 156
 23.257, 157
 23.257, 157
 23.257, 157
 23.257, 157
 23.257, 157
 23.257, 165
 23.257, 178
 23.257, 179
 23.257, 166
 23.367, 134
 23.367, 163
 23.367, 190
 23.367, 192
 23.367, 179
 23.367, 169
 23.367, 168
 23.367, 178
 23.367, 196
 23.367, 206
 23.367, 194
 23.367, 175
 23.367, 179
 23.367, 209
 23.367, 237
 23.367, 238
 23.367, 212
 23.367, 183
 23.367, 170
 23.367, 173
 23.367, 181
 23.367, 183
 23.367, 174
 23.367, 160
 23.367, 157
 23.367, 176
 23.367, 206
 23.367, 228
 23.367, 232
 23.367, 232
 23.367, 242
 23.367, 264
 23.367, 295
 23.367, 315
 23.367, 301
 23.367, 259
 23.367, 223
 23.367, 220
 23.367, 239
 23.367, 254
 23.367, 256
 23.367, 252
 23.367, 254
 23.367, 262
 23.367, 266
 23.367, 270
 23.367, 295
 23.367, 337
 23.367, 357
 23.367, 332
 23.367, 292
 23.367, 280
 23.367, 302
 23.367, 332
 23.367, 339
 23.367, 312
 23.367, 273
 23.367, 265
 23.367, 302
 23.367, 344
 23.367, 349
 23.367, 329
 23.367, 328
 23.367, 355
 23.475, 336
 23.475, 337
 23.475, 330
 23.475, 336
 23.475, 350
 23.475, 348
 23.475, 319
 23.475, 286
 23.475, 277
 23.475, 291
 23.475, 303
 23.475, 293
 23.475, 268
 23.475, 249
 23.475, 249
 23.475, 262
 23.475, 276
 23.475, 286
 23.475, 292
 23.475, 300
 23.475, 319
 23.475, 341
 23.475, 344
 23.475, 314
 23.475, 276
 23.475, 270
 23.475, 294
 23.475, 307
 23.475, 285
 23.475, 257
 23.475, 255
 23.475, 277
 23.475, 300
 23.475, 312
 23.475, 312
 23.475, 304
 23.475, 295
 23.475, 291
 23.475, 291
 23.475, 294
 23.475, 300
 23.475, 308
 23.475, 309
 23.475, 303
 23.475, 304
 23.475, 317
 23.475, 328
 23.475, 315
 23.475, 284
 23.475, 264
 23.475, 275
 23.475, 300
 23.475, 312
 23.475, 303
 23.475, 286
 23.475, 277
 23.475, 279
 23.475, 282
 23.475, 278
 23.475, 264
 23.475, 248
 23.475, 236
 23.475, 221
 23.475, 200
 23.660, 163
 23.660, 161
 23.660, 172
 23.660, 185
 23.660, 189
 23.660, 185
 23.660, 183
 23.660, 190
 23.660, 205
 23.660, 214
 23.660, 210
 23.660, 196
 23.660, 180
 23.660, 162
 23.660, 148
 23.660, 141
 23.660, 140
 23.660, 140
 23.660, 138
 23.660, 131
 23.660, 117
 23.660, 106
 23.660, 113
 23.660, 136
 23.660, 148
 23.660, 129
 23.660, 96.2
 23.660, 83.8
 23.660, 103
 23.660, 130
 23.660, 141
 23.660, 134
 23.660, 117
 23.660, 94.2
 23.660, 76
 23.660, 78.5
 23.660, 99.5
 23.660, 118
 23.660, 123
 23.660, 121
 23.660, 123
 23.660, 134
 23.660, 160
 23.660, 200
 23.660, 236
 23.660, 241
 23.660, 209
 23.660, 161
 23.660, 129
 23.660, 130
 23.660, 148
 23.660, 152
 23.660, 132
 23.660, 111
 23.660, 113
 23.660, 133
 23.660, 146
 23.660, 131
 23.660, 94.7
 23.660, 68.8
 23.660, 77.3
 23.660, 113
 23.660, 142
 23.660, 139
 23.772, 96.2
 23.772, 61.8
 23.772, 37
 23.772, 23.7
 23.772, 32.1
 23.772, 62.9
 23.772, 76.1
 23.772, 35.9
 23.772, -23.3
 23.772, -41.9
 23.772, -23.4
 23.772, -10.8
 23.772, -6.77
 23.772, 15.6
 23.772, 48.1
 23.772, 60.2
 23.772, 53.1
 23.772, 48.4
 23.772, 41.8
 23.772, 17.5
 23.772, -8.54
 23.772, -6.46
 23.772, 18.7
 23.772, 34.6
 23.772, 26.7
 23.772, 9.56
 23.772, 1.47
 23.772, 5.49
 23.772, 14.5
 23.772, 23.5
 23.772, 32.4
 23.772, 37.6
 23.772, 28.3
 23.772, 0.486
 23.772, -27.3
 23.772, -26.8
 23.772, 2.22
 23.772, 26.5
 23.772, 22.4
 23.772, 4.33
 23.772, -6.91
 23.772, -12.1
 23.772, -18.4
 23.772, -27.9
 23.772, -44.4
 23.772, -66.6
 23.772, -77.8
 23.772, -66.5
 23.772, -48.7
 23.772, -47.2
 23.772, -60.2
 23.772, -66.3
 23.772, -56.7
 23.772, -49.8
 23.772, -62.2
 23.772, -73.5
 23.772, -53
 23.772, -14.6
 23.772, -2.37
 23.772, -25.7
 23.772, -43.8
 23.772, -23.7
 23.772, 10.8
 23.772, 12.8
 23.879, -25.3
 23.879, -48.3
 23.879, -39
 23.879, -18.7
 23.879, -16.4
 23.879, -39.2
 23.879, -77.1
 23.879, -114
 23.879, -126
 23.879, -93.8
 23.879, -22.8
 23.879, 38.6
 23.879, 38.3
 23.879, -12.7
 23.879, -48.5
 23.879, -35.9
 23.879, -11.4
 23.879, -16.4
 23.879, -39.8
 23.879, -46.6
 23.879, -29.4
 23.879, -15.8
 23.879, -29.2
 23.879, -53.4
 23.879, -57.1
 23.879, -46.4
 23.879, -56.6
 23.879, -92
 23.879, -120
 23.879, -124
 23.879, -115
 23.879, -99.7
 23.879, -83.2
 23.879, -73
 23.879, -67.2
 23.879, -61.5
 23.879, -63.1
 23.879, -72.9
 23.879, -77.4
 23.879, -84
 23.879, -128
 23.879, -214
 23.879, -292
 23.879, -305
 23.879, -255
 23.879, -192
 23.879, -174
 23.879, -215
 23.879, -265
 23.879, -265
 23.879, -208
 23.879, -147
 23.879, -130
 23.879, -155
 23.879, -191
 23.879, -222
 23.879, -252
 23.879, -267
 23.879, -243
 23.879, -194
 23.879, -163
 23.879, -173
 23.879, -204
 23.879, -229
 24.056, -244
 24.056, -231
 24.056, -206
 24.056, -188
 24.056, -186
 24.056, -200
 24.056, -232
 24.056, -267
 24.056, -269
 24.056, -227
 24.056, -183
 24.056, -169
 24.056, -169
 24.056, -158
 24.056, -150
 24.056, -164
 24.056, -188
 24.056, -204
 24.056, -207
 24.056, -195
 24.056, -173
 24.056, -160
 24.056, -180
 24.056, -222
 24.056, -242
 24.056, -215
 24.056, -170
 24.056, -157
 24.056, -184
 24.056, -226
 24.056, -255
 24.056, -255
 24.056, -220
 24.056, -171
 24.056, -156
 24.056, -188
 24.056, -219
 24.056, -209
 24.056, -187
 24.056, -198
 24.056, -225
 24.056, -219
 24.056, -188
 24.056, -183
 24.056, -207
 24.056, -209
 24.056, -175
 24.056, -152
 24.056, -172
 24.056, -207
 24.056, -217
 24.056, -197
 24.056, -175
 24.056, -175
 24.056, -186
 24.056, -178
 24.056, -148
 24.056, -129
 24.056, -150
 24.056, -200
 24.056, -242
 24.056, -248
 24.056, -217
 24.056, -180
 24.175, -176
 24.175, -227
 24.175, -274
 24.175, -266
 24.175, -221
 24.175, -192
 24.175, -195
 24.175, -201
 24.175, -190
 24.175, -190
 24.175, -223
 24.175, -256
 24.175, -238
 24.175, -176
 24.175, -133
 24.175, -148
 24.175, -190
 24.175, -213
 24.175, -208
 24.175, -194
 24.175, -182
 24.175, -174
 24.175, -173
 24.175, -180
 24.175, -183
 24.175, -179
 24.175, -180
 24.175, -190
 24.175, -194
 24.175, -178
 24.175, -159
 24.175, -150
 24.175, -144
 24.175, -129
 24.175, -117
 24.175, -119
 24.175, -124
 24.175, -116
 24.175, -101
 24.175, -112
 24.175, -166
 24.175, -226
 24.175, -247
 24.175, -236
 24.175, -242
 24.175, -267
 24.175, -269
 24.175, -229
 24.175, -190
 24.175, -190
 24.175, -208
 24.175, -210
 24.175, -194
 24.175, -179
 24.175, -173
 24.175, -181
 24.175, -202
 24.175, -223
 24.175, -238
 24.175, -252
 24.175, -268
 24.175, -268
 24.175, -247
 24.175, -215
 24.274, -161
 24.274, -148
 24.274, -159
 24.274, -174
 24.274, -170
 24.274, -144
 24.274, -120
 24.274, -129
 24.274, -174
 24.274, -223
 24.274, -242
 24.274, -231
 24.274, -221
 24.274, -227
 24.274, -235
 24.274, -223
 24.274, -196
 24.274, -186
 24.274, -214
 24.274, -250
 24.274, -243
 24.274, -191
 24.274, -151
 24.274, -168
 24.274, -208
 24.274, -217
 24.274, -195
 24.274, -174
 24.274, -171
 24.274, -176
 24.274, -187
 24.274, -205
 24.274, -221
 24.274, -214
 24.274, -185
 24.274, -163
 24.274, -172
 24.274, -195
 24.274, -193
 24.274, -157
 24.274, -122
 24.274, -116
 24.274, -136
 24.274, -161
 24.274, -174
 24.274, -186
 24.274, -214
 24.274, -250
 24.274, -264
 24.274, -247
 24.274, -225
 24.274, -220
 24.274, -218
 24.274, -202
 24.274, -182
 24.274, -180
 24.274, -196
 24.274, -202
 24.274, -183
 24.274, -156
 24.274, -148
 24.274, -164
 24.274, -195
 24.274, -225
 24.397, -185
 24.397, -154
 24.397, -109
 24.397, -79.3
 24.397, -72.3
 24.397, -82.6
 24.397, -100
 24.397, -104
 24.397, -81
 24.397, -40.4
 24.397, -6.33
 24.397, 8.21
 24.397, 3.61
 24.397, -14.9
 24.397, -36.1
 24.397, -45.8
 24.397, -41.9
 24.397, -39.1
 24.397, -50.1
 24.397, -71.4
 24.397, -86.8
 24.397, -78.2
 24.397, -43.5
 24.397, -13
 24.397, -22.5
 24.397, -61.2
 24.397, -84.5
 24.397, -78.1
 24.397, -66.8
 24.397, -68.2
 24.397, -79.9
 24.397, -98.5
 24.397, -120
 24.397, -130
 24.397, -123
 24.397, -106
 24.397, -95.5
 24.397, -97.8
 24.397, -108
 24.397, -116
 24.397, -122
 24.397, -136
 24.397, -162
 24.397, -184
 24.397, -188
 24.397, -181
 24.397, -183
 24.397, -190
 24.397, -181
 24.397, -153
 24.397, -135
 24.397, -144
 24.397, -168
 24.397, -181
 24.397, -183
 24.397, -192
 24.397, -212
 24.397, -223
 24.397, -209
 24.397, -191
 24.397, -199
 24.397, -220
 24.397, -214
 24.397, -176
 24.505, -90.8
 24.505, -85.9
 24.505, -91.6
 24.505, -82.7
 24.505, -54.9
 24.505, -26
 24.505, -17.4
 24.505, -32.2
 24.505, -55.1
 24.505, -75
 24.505, -90.7
 24.505, -96.5
 24.505, -88.5
 24.505, -84.1
 24.505, -102
 24.505, -129
 24.505, -137
 24.505, -125
 24.505, -115
 24.505, -117
 24.505, -125
 24.505, -130
 24.505, -134
 24.505, -144
 24.505, -163
 24.505, -173
 24.505, -144
 24.505, -74.9
 24.505, -17
 24.505, -15.9
 24.505, -49
 24.505, -61
 24.505, -38.3
 24.505, -15.7
 24.505, -22.5
 24.505, -49.6
 24.505, -71
 24.505, -77.6
 24.505, -78
 24.505, -79.8
 24.505, -80.5
 24.505, -73.3
 24.505, -57.3
 24.505, -40.6
 24.505, -26.9
 24.505, -10.2
 24.505, 5.55
 24.505, 2.88
 24.505, -19.9
 24.505, -38.7
 24.505, -36.2
 24.505, -22.9
 24.505, -21.1
 24.505, -41.7
 24.505, -73
 24.505, -83.9
 24.505, -53.5
 24.505, 0.945
 24.505, 41.6
 24.505, 52.1
 24.505, 43.8
 24.505, 33.3
 24.505, 28.5
 24.505, 27.9
 24.691, 56.3
 24.691, 46.9
 24.691, 31.9
 24.691, 13.8
 24.691, 1.81
 24.691, 7.5
 24.691, 26.3
 24.691, 43
 24.691, 53
 24.691, 58.2
 24.691, 52.9
 24.691, 34
 24.691, 15.6
 24.691, 14.2
 24.691, 25.7
 24.691, 34.8
 24.691, 38.8
 24.691, 39.8
 24.691, 31.1
 24.691, 15.8
 24.691, 13.8
 24.691, 27.7
 24.691, 31.7
 24.691, 7.54
 24.691, -31.4
 24.691, -58.4
 24.691, -58.3
 24.691, -37.1
 24.691, -17.4
 24.691, -14.8
 24.691, -16.6
 24.691, -2.14
 24.691, 17
 24.691, 11.9
 24.691, -13
 24.691, -22.4
 24.691, -3.6
 24.691, 18.7
 24.691, 21.1
 24.691, 7.19
 24.691, -7.1
 24.691, -11.6
 24.691, -3.4
 24.691, 13.6
 24.691, 25.6
 24.691, 19.1
 24.691, 4.98
 24.691, 12.1
 24.691, 41.8
 24.691, 58.9
 24.691, 45.4
 24.691, 29.8
 24.691, 40.5
 24.691, 63.8
 24.691, 73.1
 24.691, 72.2
 24.691, 78.1
 24.691, 84.6
 24.691, 73.5
 24.691, 48.9
 24.691, 36.1
 24.691, 47.8
 24.691, 65.5
 24.691, 58.8
 24.791, 41.8
 24.791, 9.85
 24.791, 14.3
 24.791, 42.6
 24.791, 53.3
 24.791, 30.6
 24.791, -0.125
 24.791, -9.05
 24.791, 5.79
 24.791, 25.4
 24.791, 33.9
 24.791, 31.7
 24.791, 28.4
 24.791, 29.9
 24.791, 31.5
 24.791, 23.6
 24.791, 5.07
 24.791, -8.45
 24.791, 0.242
 24.791, 21.8
 24.791, 25.8
 24.791, 0.81
 24.791, -27.6
 24.791, -31.4
 24.791, -19.4
 24.791, -20.7
 24.791, -38.5
 24.791, -49.6
 24.791, -44.3
 24.791, -38.1
 24.791, -38.8
 24.791, -33
 24.791, -14
 24.791, 2.84
 24.791, -0.274
 24.791, -26.7
 24.791, -62.9
 24.791, -77.3
 24.791, -43.9
 24.791, 16.1
 24.791, 45.1
 24.791, 18.8
 24.791, -24.8
 24.791, -41.7
 24.791, -32
 24.791, -16.9
 24.791, -3.11
 24.791, 9.67
 24.791, 14.9
 24.791, 13.6
 24.791, 19.2
 24.791, 34.6
 24.791, 44.9
 24.791, 40.7
 24.791, 31.2
 24.791, 31.4
 24.791, 40.6
 24.791, 40.1
 24.791, 19.5
 24.791, 0.253
 24.791, 12.8
 24.791, 52
 24.791, 79.6
 24.791, 74.8
 24.905, 54.2
 24.905, 65.6
 24.905, 110
 24.905, 160
 24.905, 184
 24.905, 177
 24.905, 161
 24.905, 159
 24.905, 172
 24.905, 184
 24.905, 180
 24.905, 163
 24.905, 158
 24.905, 175
 24.905, 192
 24.905, 184
 24.905, 164
 24.905, 158
 24.905, 164
 24.905, 168
 24.905, 169
 24.905, 167
 24.905, 149
 24.905, 112
 24.905, 90.4
 24.905, 106
 24.905, 131
 24.905, 130
 24.905, 113
 24.905, 118
 24.905, 143
 24.905, 153
 24.905, 130
 24.905, 96.7
 24.905, 85.7
 24.905, 98.4
 24.905, 108
 24.905, 98.4
 24.905, 79.6
 24.905, 66.3
 24.905, 54.6
 24.905, 37.5
 24.905, 26.1
 24.905, 38
 24.905, 66.8
 24.905, 85.1
 24.905, 81.6
 24.905, 72.8
 24.905, 72.8
 24.905, 76.8
 24.905, 77.9
 24.905, 73.7
 24.905, 57.4
 24.905, 25.9
 24.905, -7.91
 24.905, -26.1
 24.905, -25.2
 24.905, -19.1
 24.905, -24.8
 24.905, -42
 24.905, -46.3
 24.905, -18.8
 24.905, 17.6
 24.905, 17.4
 25.006, -34.1
 25.006, -67.2
 25.006, -60.9
 25.006, -38.5
 25.006, -29.8
 25.006, -29
 25.006, -23.7
 25.006, -22.3
 25.006, -31.2
 25.006, -39.9
 25.006, -41.6
 25.006, -44.7
 25.006, -59.3
 25.006, -83.8
 25.006, -102
 25.006, -92.2
 25.006, -46.8
 25.006, 9.78
 25.006, 39.4
 25.006, 29.9
 25.006, 7.29
 25.006, 0.727
 25.006, 10.7
 25.006, 19.8
 25.006, 16
 25.006, -3.1
 25.006, -28
 25.006, -34.6
 25.006, -5
 25.006, 46.6
 25.006, 85.4
 25.006, 91.3
 25.006, 76.8
 25.006, 69.9
 25.006, 81.2
 25.006, 99.3
 25.006, 112
 25.006, 116
 25.006, 106
 25.006, 88.3
 25.006, 80.7
 25.006, 94.2
 25.006, 121
 25.006, 143
 25.006, 150
 25.006, 142
 25.006, 129
 25.006, 115
 25.006, 104
 25.006, 101
 25.006, 107
 25.006, 108
 25.006, 92.6
 25.006, 71.1
 25.006, 68.9
 25.006, 94.2
 25.006, 129
 25.006, 151
 25.006, 152
 25.006, 135
 25.006, 116
 25.006, 112
 25.006, 125
 25.006, 136
 25.115, 113
 25.115, 105
 25.115, 105
 25.115, 115
 25.115, 127
 25.115, 131
 25.115, 124
 25.115, 109
 25.115, 101
 25.115, 113
 25.115, 133
 25.115, 132
 25.115, 99.9
 25.115, 60.4
 25.115, 46.9
 25.115, 59
 25.115, 66.6
 25.115, 53.9
 25.115, 34.6
 25.115, 28.4
 25.115, 38.5
 25.115, 53.9
 25.115, 64.3
 25.115, 65.3
 25.115, 56.7
 25.115, 43.2
 25.115, 32.6
 25.115, 30.1
 25.115, 39.4
 25.115, 57.1
 25.115, 69.5
 25.115, 74
 25.115, 84.3
 25.115, 101
 25.115, 106
 25.115, 100
 25.115, 104
 25.115, 125
 25.115, 147
 25.115, 153
 25.115, 141
 25.115, 123
 25.115, 112
 25.115, 116
 25.115, 133
 25.115, 136
 25.115, 108
 25.115, 64.8
 25.115, 43.9
 25.115, 49.9
 25.115, 60.2
 25.115, 70.7
 25.115, 90.4
 25.115, 103
 25.115, 87.2
 25.115, 64.5
 25.115, 72.4
 25.115, 108
 25.115, 133
 25.115, 129
 25.115, 121
 25.115, 131
 25.115, 150
 25.115, 166
 25.295, 168
 25.295, 211
 25.295, 243
 25.295, 243
 25.295, 233
 25.295, 245
 25.295, 273
 25.295, 288
 25.295, 282
 25.295, 271
 25.295, 267
 25.295, 261
 25.295, 242
 25.295, 226
 25.295, 238
 25.295, 264
 25.295, 257
 25.295, 200
 25.295, 132
 25.295, 102
 25.295, 112
 25.295, 125
 25.295, 115
 25.295, 97.2
 25.295, 105
 25.295, 134
 25.295, 147
 25.295, 121
 25.295, 82.3
 25.295, 69.5
 25.295, 83.5
 25.295, 95.8
 25.295, 95
 25.295, 88
 25.295, 75.7
 25.295, 57.4
 25.295, 41.5
 25.295, 32.4
 25.295, 22.5
 25.295, 10.4
 25.295, 8.66
 25.295, 19.3
 25.295, 20.8
 25.295, 0.0911
 25.295, -22.8
 25.295, -23.2
 25.295, -6.64
 25.295, 2.62
 25.295, -5.98
 25.295, -21.2
 25.295, -25.2
 25.295, -15.4
 25.295, -5.26
 25.295, 4.33
 25.295, 31.2
 25.295, 69.8
 25.295, 80.9
 25.295, 46
 25.295, -6
 25.295, -37.8
 25.295, -42.4
 25.295, -34.3
 25.295, -29.2
 25.295, -39.2
 25.393, -83
 25.393, -114
 25.393, -121
 25.393, -102
 25.393, -80.3
 25.393, -70.1
 25.393, -63.7
 25.393, -53.9
 25.393, -47.5
 25.393, -51.1
 25.393, -58
 25.393, -57.6
 25.393, -49.6
 25.393, -41.8
 25.393, -40.8
 25.393, -45.9
 25.393, -47.3
 25.393, -36.2
 25.393, -19.4
 25.393, -14.3
 25.393, -27
 25.393, -41.3
 25.393, -32.9
 25.393, 2.16
 25.393, 37.2
 25.393, 42.3
 25.393, 18.2
 25.393, -5.17
 25.393, -5.11
 25.393, 10.8
 25.393, 21
 25.393, 23.2
 25.393, 31.8
 25.393, 43.6
 25.393, 38.8
 25.393, 24.7
 25.393, 37.7
 25.393, 86.7
 25.393, 135
 25.393, 145
 25.393, 115
 25.393, 73.7
 25.393, 53.3
 25.393, 58.5
 25.393, 70.4
 25.393, 71.1
 25.393, 59.6
 25.393, 50.1
 25.393, 60.4
 25.393, 92.3
 25.393, 127
 25.393, 146
 25.393, 153
 25.393, 160
 25.393, 168
 25.393, 169
 25.393, 158
 25.393, 136
 25.393, 108
 25.393, 80.4
 25.393, 61
 25.393, 52.2
 25.393, 53.1
 25.393, 64.1
 25.504, 61.9
 25.504, 61.5
 25.504, 42
 25.504, 25.4
 25.504, 32
 25.504, 51.7
 25.504, 61.3
 25.504, 55.1
 25.504, 42
 25.504, 29.8
 25.504, 25.7
 25.504, 35
 25.504, 46.1
 25.504, 39.8
 25.504, 18.9
 25.504, 5.98
 25.504, 9.32
 25.504, 19.9
 25.504, 34
 25.504, 51.7
 25.504, 61.9
 25.504, 53.9
 25.504, 39.3
 25.504, 37.2
 25.504, 40.5
 25.504, 26.5
 25.504, 2.75
 25.504, 3.69
 25.504, 36.1
 25.504, 64.8
 25.504, 62.5
 25.504, 43.3
 25.504, 37.2
 25.504, 51.2
 25.504, 65.7
 25.504, 64.8
 25.504, 56.1
 25.504, 52.9
 25.504, 47.1
 25.504, 22.7
 25.504, -9.13
 25.504, -17.4
 25.504, -0.195
 25.504, 11.3
 25.504, 4.42
 25.504, 1.08
 25.504, 11.9
 25.504, 15.7
 25.504, 2.57
 25.504, 2.01
 25.504, 35.6
 25.504, 70.6
 25.504, 65.2
 25.504, 35.4
 25.504, 28.9
 25.504, 48.6
 25.504, 53.1
 25.504, 24.8
 25.504, -4.5
 25.504, -0.917
 25.504, 28.6
 25.504, 50.4
 25.504, 44.9
 25.504, 26.9
 25.611, 13.9
 25.611, 52.6
 25.611, 92.1
 25.611, 92.3
 25.611, 60.7
 25.611, 39.2
 25.611, 43.5
 25.611, 50.5
 25.611, 43.4
 25.611, 36.4
 25.611, 44
 25.611, 54
 25.611, 51.3
 25.611, 47.8
 25.611, 65.7
 25.611, 98.8
 25.611, 115
 25.611, 98
 25.611, 74.8
 25.611, 73.8
 25.611, 82.1
 25.611, 67.8
 25.611, 37.2
 25.611, 25.3
 25.611, 36
 25.611, 40.6
 25.611, 28.2
 25.611, 18.3
 25.611, 26.1
 25.611, 42.6
 25.611, 49.3
 25.611, 42.2
 25.611, 34.7
 25.611, 37.4
 25.611, 41.1
 25.611, 32.3
 25.611, 19.8
 25.611, 22.2
 25.611, 38.7
 25.611, 56.9
 25.611, 79.7
 25.611, 113
 25.611, 140
 25.611, 142
 25.611, 136
 25.611, 157
 25.611, 196
 25.611, 210
 25.611, 178
 25.611, 129
 25.611, 104
 25.611, 108
 25.611, 116
 25.611, 104
 25.611, 77
 25.611, 59.4
 25.611, 68
 25.611, 92.5
 25.611, 102
 25.611, 78.8
 25.611, 42
 25.611, 22.9
 25.611, 26.7
 25.611, 28.2
 25.719, -3.6
 25.719, -35.9
 25.719, -49.7
 25.719, -30.3
 25.719, 12.3
 25.719, 57.4
 25.719, 88.8
 25.719, 100
 25.719, 92.1
 25.719, 68.4
 25.719, 38.2
 25.719, 16.2
 25.719, 8.74
 25.719, 1.43
 25.719, -21.9
 25.719, -48
 25.719, -45.8
 25.719, -20.1
 25.719, -10.4
 25.719, -21.9
 25.719, -12.5
 25.719, 28.6
 25.719, 50.9
 25.719, 20.1
 25.719, -30
 25.719, -52.4
 25.719, -50.6
 25.719, -56.9
 25.719, -77.6
 25.719, -95.1
 25.719, -99.6
 25.719, -96.5
 25.719, -93.4
 25.719, -92.7
 25.719, -90.6
 25.719, -79.5
 25.719, -59.2
 25.719, -44.9
 25.719, -49
 25.719, -61.4
 25.719, -64
 25.719, -58.8
 25.719, -58.1
 25.719, -56.5
 25.719, -36.9
 25.719, -8.77
 25.719, -8.52
 25.719, -44.5
 25.719, -69.9
 25.719, -40.3
 25.719, 18.1
 25.719, 32.3
 25.719, -20.3
 25.719, -79.9
 25.719, -88
 25.719, -58.3
 25.719, -35
 25.719, -25.5
 25.719, -18.1
 25.719, -22.9
 25.719, -47.3
 25.719, -67.5
 25.719, -61.4
 25.719, -35.7
 25.825, -1.69
 25.825, 30.2
 25.825, 48
 25.825, 35.7
 25.825, 2.87
 25.825, -17.8
 25.825, -10.4
 25.825, 6.22
 25.825, 7.23
 25.825, -7.91
 25.825, -18
 25.825, -9.2
 25.825, 4.07
 25.825, 0.665
 25.825, -12.4
 25.825, -11.8
 25.825, 6.38
 25.825, 29.3
 25.825, 51.8
 25.825, 68.2
 25.825, 56
 25.825, 8.28
 25.825, -29.8
 25.825, -13
 25.825, 27.5
 25.825, 23.8
 25.825, -28.3
 25.825, -70
 25.825, -69
 25.825, -54.3
 25.825, -63.7
 25.825, -91.6
 25.825, -102
 25.825, -83.5
 25.825, -67.2
 25.825, -92.3
 25.825, -147
 25.825, -173
 25.825, -136
 25.825, -70.1
 25.825, -32.8
 25.825, -43.2
 25.825, -74.2
 25.825, -100
 25.825, -126
 25.825, -156
 25.825, -158
 25.825, -107
 25.825, -35.7
 25.825, -15
 25.825, -67.6
 25.825, -141
 25.825, -167
 25.825, -124
 25.825, -46.3
 25.825, 21.8
 25.825, 54.9
 25.825, 46.4
 25.825, 9.15
 25.825, -27.2
 25.825, -33.6
 25.825, -5.85
 25.825, 29.5
 25.825, 43.3
 25.934, 25.2
 25.934, 16
 25.934, 11.4
 25.934, 9.11
 25.934, 22.3
 25.934, 66
 25.934, 119
 25.934, 140
 25.934, 120
 25.934, 94.2
 25.934, 93.4
 25.934, 112
 25.934, 128
 25.934, 128
 25.934, 108
 25.934, 83.6
 25.934, 78.4
 25.934, 87.9
 25.934, 83.8
 25.934, 62
 25.934, 52.2
 25.934, 71.8
 25.934, 99
 25.934, 102
 25.934, 75.2
 25.934, 31.1
 25.934, -11.6
 25.934, -35.2
 25.934, -27.3
 25.934, 3.22
 25.934, 22.7
 25.934, 10.7
 25.934, -7.43
 25.934, 0.75
 25.934, 23.7
 25.934, 36.2
 25.934, 44.8
 25.934, 60.6
 25.934, 69.4
 25.934, 63
 25.934, 51.8
 25.934, 36.9
 25.934, 13
 25.934, -7.42
 25.934, -14.4
 25.934, -23.5
 25.934, -48.8
 25.934, -76
 25.934, -78.6
 25.934, -47.8
 25.934, -6.62
 25.934, 6.71
 25.934, -16.6
 25.934, -45.1
 25.934, -51.4
 25.934, -36.6
 25.934, -12.6
 25.934, 7.2
 25.934, 7.3
 25.934, -17
 25.934, -51.3
 25.934, -72.4
 25.934, -63.4
 25.934, -25.9
 26.097, 8.53
 26.097, 24.5
 26.097, 1.61
 26.097, -46.6
 26.097, -86.9
 26.097, -92.4
 26.097, -67.7
 26.097, -41.7
 26.097, -35.5
 26.097, -47.1
 26.097, -60.2
 26.097, -58.5
 26.097, -35
 26.097, 4.89
 26.097, 47.9
 26.097, 74.8
 26.097, 65.6
 26.097, 26.9
 26.097, 5.97
 26.097, 43.2
 26.097, 114
 26.097, 151
 26.097, 131
 26.097, 92.8
 26.097, 78.3
 26.097, 84.9
 26.097, 91.8
 26.097, 90.4
 26.097, 86.5
 26.097, 89.8
 26.097, 99.8
 26.097, 104
 26.097, 98.8
 26.097, 106
 26.097, 151
 26.097, 213
 26.097, 232
 26.097, 181
 26.097, 111
 26.097, 86.6
 26.097, 106
 26.097, 120
 26.097, 103
 26.097, 81.9
 26.097, 85.6
 26.097, 113
 26.097, 139
 26.097, 146
 26.097, 137
 26.097, 123
 26.097, 110
 26.097, 96.7
 26.097, 86.4
 26.097, 77.7
 26.097, 68.1
 26.097, 57.6
 26.097, 43.4
 26.097, 15.5
 26.097, -21.6
 26.097, -40.3
 26.097, -29.6
 26.097, -20
 26.097, -37.2
 26.097, -58.7
 26.196, -37.5
 26.196, -12.9
 26.196, -7.52
 26.196, -20
 26.196, -17
 26.196, 7.44
 26.196, 26.9
 26.196, 33.8
 26.196, 42.4
 26.196, 47.5
 26.196, 35
 26.196, 23.2
 26.196, 38.2
 26.196, 69.9
 26.196, 95.3
 26.196, 112
 26.196, 118
 26.196, 95.8
 26.196, 45
 26.196, -9.58
 26.196, -43.7
 26.196, -57.4
 26.196, -67.4
 26.196, -88.7
 26.196, -126
 26.196, -168
 26.196, -193
 26.196, -183
 26.196, -155
 26.196, -148
 26.196, -169
 26.196, -188
 26.196, -186
 26.196, -179
 26.196, -182
 26.196, -190
 26.196, -198
 26.196, -206
 26.196, -201
 26.196, -166
 26.196, -120
 26.196, -94.1
 26.196, -86.5
 26.196, -65.3
 26.196, -33.7
 26.196, -35.4
 26.196, -82.1
 26.196, -120
 26.196, -102
 26.196, -60.2
 26.196, -57.4
 26.196, -96.3
 26.196, -125
 26.196, -116
 26.196, -90.7
 26.196, -76
 26.196, -82.9
 26.196, -110
 26.196, -146
 26.196, -167
 26.196, -158
 26.196, -136
 26.196, -128
 26.196, -140
 26.307, -129
 26.307, -123
 26.307, -109
 26.307, -108
 26.307, -126
 26.307, -145
 26.307, -149
 26.307, -153
 26.307, -176
 26.307, -206
 26.307, -210
 26.307, -179
 26.307, -144
 26.307, -131
 26.307, -137
 26.307, -146
 26.307, -156
 26.307, -164
 26.307, -171
 26.307, -181
 26.307, -200
 26.307, -226
 26.307, -246
 26.307, -246
 26.307, -232
 26.307, -217
 26.307, -212
 26.307, -226
 26.307, -250
 26.307, -262
 26.307, -246
 26.307, -209
 26.307, -180
 26.307, -173
 26.307, -174
 26.307, -163
 26.307, -142
 26.307, -129
 26.307, -126
 26.307, -130
 26.307, -145
 26.307, -171
 26.307, -186
 26.307, -173
 26.307, -161
 26.307, -186
 26.307, -236
 26.307, -262
 26.307, -240
 26.307, -188
 26.307, -134
 26.307, -106
 26.307, -116
 26.307, -146
 26.307, -166
 26.307, -158
 26.307, -133
 26.307, -106
 26.307, -94
 26.307, -106
 26.307, -139
 26.307, -174
 26.307, -185
 26.307, -163
 26.428, -107
 26.428, -71.1
 26.428, -56.4
 26.428, -57
 26.428, -68.5
 26.428, -88.8
 26.428, -102
 26.428, -89.5
 26.428, -65.7
 26.428, -59.4
 26.428, -75.8
 26.428, -94
 26.428, -99
 26.428, -95
 26.428, -87.5
 26.428, -72.8
 26.428, -50.4
 26.428, -29.6
 26.428, -17.2
 26.428, -13.5
 26.428, -20.7
 26.428, -41
 26.428, -65.6
 26.428, -80.2
 26.428, -85.1
 26.428, -93.1
 26.428, -107
 26.428, -112
 26.428, -96.7
 26.428, -72.4
 26.428, -66
 26.428, -82.6
 26.428, -90.2
 26.428, -62.4
 26.428, -17.1
 26.428, 7.24
 26.428, -5.1
 26.428, -42.6
 26.428, -84.1
 26.428, -108
 26.428, -99.1
 26.428, -65.9
 26.428, -37.7
 26.428, -36.2
 26.428, -47.6
 26.428, -39
 26.428, -7.88
 26.428, 9.61
 26.428, -12.6
 26.428, -56
 26.428, -82.6
 26.428, -76.3
 26.428, -56.2
 26.428, -54.6
 26.428, -81.4
 26.428, -114
 26.428, -125
 26.428, -111
 26.428, -82.4
 26.428, -54.2
 26.428, -47.1
 26.428, -69.4
 26.428, -97.4
 26.428, -99.7
 26.543, -64.5
 26.543, -55.7
 26.543, -68.7
 26.543, -82.6
 26.543, -80.8
 26.543, -69.7
 26.543, -58.6
 26.543, -49.4
 26.543, -47.9
 26.543, -60.4
 26.543, -77.2
 26.543, -79.7
 26.543, -67
 26.543, -56.4
 26.543, -58.7
 26.543, -68.4
 26.543, -73.8
 26.543, -62.9
 26.543, -34.2
 26.543, -9.29
 26.543, -8.67
 26.543, -16.2
 26.543, -0.419
 26.543, 28
 26.543, 26.3
 26.543, -13.1
 26.543, -49.3
 26.543, -49.3
 26.543, -21.8
 26.543, 5.5
 26.543, 14.2
 26.543, 0.67
 26.543, -24.7
 26.543, -39.9
 26.543, -31
 26.543, -14.2
 26.543, -17.8
 26.543, -36.2
 26.543, -34.8
 26.543, -6.65
 26.543, 14.9
 26.543, 8.5
 26.543, -12.1
 26.543, -28.7
 26.543, -34.5
 26.543, -21.7
 26.543, 13.4
 26.543, 51.6
 26.543, 61.1
 26.543, 34.2
 26.543, 0.631
 26.543, -6.23
 26.543, 11.8
 26.543, 30.9
 26.543, 39.4
 26.543, 37
 26.543, 21.9
 26.543, -0.0538
 26.543, -13.6
 26.543, -12.8
 26.543, -5.85
 26.543, -0.944
 26.543, 0.0283
 26.543, -2.65
 26.730, -5.21
 26.730, -23.6
 26.730, -41.3
 26.730, -35.7
 26.730, -3.83
 26.730, 16.2
 26.730, -12.6
 26.730, -66.4
 26.730, -84.2
 26.730, -51.4
 26.730, -17.1
 26.730, -24
 26.730, -63.4
 26.730, -102
 26.730, -115
 26.730, -90.7
 26.730, -38.1
 26.730, 10.6
 26.730, 27.2
 26.730, 11
 26.730, -12.2
 26.730, -11.9
 26.730, 14.3
 26.730, 31.4
 26.730, 9.15
 26.730, -37.5
 26.730, -72
 26.730, -83.1
 26.730, -84.2
 26.730, -83.4
 26.730, -73.5
 26.730, -49.4
 26.730, -25.3
 26.730, -18.8
 26.730, -19.8
 26.730, -5.15
 26.730, 15.4
 26.730, 6.75
 26.730, -34.3
 26.730, -66
 26.730, -54.7
 26.730, -17.6
 26.730, 0.071
 26.730, -15.2
 26.730, -28.2
 26.730, -9.06
 26.730, 19.2
 26.730, 16.9
 26.730, -7.71
 26.730, -14.2
 26.730, 2.14
 26.730, 7.99
 26.730, -5.75
 26.730, -13.5
 26.730, -2.86
 26.730, 11.7
 26.730, 17.6
 26.730, 14.6
 26.730, 2.73
 26.730, -19
 26.730, -43.2
 26.730, -52.2
 26.730, -36.4
 26.730, -10.8
 26.814, -5.44
 26.814, -14.4
 26.814, -24.3
 26.814, -21.4
 26.814, -13.5
 26.814, -14.9
 26.814, -20.2
 26.814, -9.38
 26.814, 19.4
 26.814, 42.7
 26.814, 46.5
 26.814, 44.9
 26.814, 49.1
 26.814, 45.1
 26.814, 24.2
 26.814, 13.3
 26.814, 45.3
 26.814, 103
 26.814, 126
 26.814, 90.2
 26.814, 53.1
 26.814, 69.1
 26.814, 109
 26.814, 110
 26.814, 68.9
 26.814, 43.8
 26.814, 66
 26.814, 103
 26.814, 108
 26.814, 83.3
 26.814, 65.2
 26.814, 74.1
 26.814, 95.9
 26.814, 108
 26.814, 102
 26.814, 89.3
 26.814, 83.5
 26.814, 89.1
 26.814, 91.7
 26.814, 72.6
 26.814, 37.1
 26.814, 16.7
 26.814, 31.7
 26.814, 63.2
 26.814, 78.4
 26.814, 76
 26.814, 77.1
 26.814, 81.2
 26.814, 66.7
 26.814, 32
 26.814, 0.858
 26.814, -6.9
 26.814, 4.35
 26.814, 13
 26.814, 6.34
 26.814, -5.28
 26.814, -4.85
 26.814, 15.4
 26.814, 57.7
 26.814, 110
 26.814, 137
 26.814, 113
 26.814, 64.8
 26.814, 35.8
 26.927, 58.1
 26.927, 82.3
 26.927, 103
 26.927, 108
 26.927, 97
 26.927, 69.1
 26.927, 23.6
 26.927, -24.2
 26.927, -46.6
 26.927, -40.6
 26.927, -32.9
 26.927, -34.1
 26.927, -28.2
 26.927, -15.4
 26.927, -15.7
 26.927, -27.1
 26.927, -28.7
 26.927, -18.7
 26.927, -11.8
 26.927, -7.65
 26.927, 0.957
 26.927, 0.597
 26.927, -21.7
 26.927, -42.8
 26.927, -34
 26.927, -7.66
 26.927, 6.67
 26.927, 5.02
 26.927, -4.48
 26.927, -23.6
 26.927, -49.5
 26.927, -66.5
 26.927, -65.1
 26.927, -53.9
 26.927, -45.4
 26.927, -46.5
 26.927, -63.5
 26.927, -92.6
 26.927, -108
 26.927, -91.9
 26.927, -67.4
 26.927, -70
 26.927, -90.7
 26.927, -93.8
 26.927, -78.8
 26.927, -77.6
 26.927, -99.7
 26.927, -120
 26.927, -114
 26.927, -83.5
 26.927, -50.2
 26.927, -38.2
 26.927, -44.8
 26.927, -44.4
 26.927, -33
 26.927, -33.4
 26.927, -47.5
 26.927, -45.6
 26.927, -14.5
 26.927, 20.7
 26.927, 26.1
 26.927, -6.49
 26.927, -46.3
 26.927, -45.7
 27.056, 7.39
 27.056, 53.3
 27.056, 48
 27.056, 4.33
 27.056, -31.1
 27.056, -36.1
 27.056, -22.3
 27.056, -4.88
 27.056, 10.3
 27.056, 16.6
 27.056, 3.69
 27.056, -24.2
 27.056, -38.1
 27.056, -11.5
 27.056, 41.4
 27.056, 76.8
 27.056, 70.9
 27.056, 41.7
 27.056, 19.2
 27.056, 13.6
 27.056, 22.8
 27.056, 54.3
 27.056, 115
 27.056, 179
 27.056, 206
 27.056, 191
 27.056, 178
 27.056, 197
 27.056, 228
 27.056, 243
 27.056, 234
 27.056, 210
 27.056, 182
 27.056, 162
 27.056, 161
 27.056, 179
 27.056, 205
 27.056, 222
 27.056, 218
 27.056, 199
 27.056, 177
 27.056, 164
 27.056, 166
 27.056, 178
 27.056, 184
 27.056, 171
 27.056, 150
 27.056, 145
 27.056, 161
 27.056, 163
 27.056, 126
 27.056, 84.6
 27.056, 91.6
 27.056, 134
 27.056, 145
 27.056, 104
 27.056, 63.3
 27.056, 71.8
 27.056, 114
 27.056, 142
 27.056, 133
 27.056, 101
 27.056, 75.5
 27.056, 70.2
 27.223, 67.1
 27.223, 69.5
 27.223, 67
 27.223, 67
 27.223, 61.1
 27.223, 34.9
 27.223, 1.04
 27.223, -10.4
 27.223, 2.2
 27.223, 6.78
 27.223, -12.6
 27.223, -32.7
 27.223, -31.2
 27.223, -17
 27.223, -5.84
 27.223, 2.76
 27.223, 10.9
 27.223, 15.8
 27.223, 22.7
 27.223, 35.1
 27.223, 44.4
 27.223, 47.5
 27.223, 56.5
 27.223, 75.3
 27.223, 89
 27.223, 80.3
 27.223, 46.8
 27.223, 9.64
 27.223, 4.03
 27.223, 45.3
 27.223, 104
 27.223, 132
 27.223, 111
 27.223, 69.5
 27.223, 43.2
 27.223, 37
 27.223, 40.7
 27.223, 58.5
 27.223, 89.7
 27.223, 105
 27.223, 82
 27.223, 40
 27.223, 20.9
 27.223, 40.4
 27.223, 77
 27.223, 97.2
 27.223, 90.3
 27.223, 76.5
 27.223, 81.7
 27.223, 111
 27.223, 145
 27.223, 157
 27.223, 133
 27.223, 94
 27.223, 76
 27.223, 92.2
 27.223, 118
 27.223, 127
 27.223, 122
 27.223, 118
 27.223, 116
 27.223, 108
 27.223, 93.9
 27.223, 80.7
 27.326, 47
 27.326, 43.4
 27.326, 54.1
 27.326, 82.6
 27.326, 114
 27.326, 124
 27.326, 114
 27.326, 106
 27.326, 115
 27.326, 131
 27.326, 143
 27.326, 143
 27.326, 130
 27.326, 106
 27.326, 83.5
 27.326, 73.2
 27.326, 75.3
 27.326, 80.2
 27.326, 77
 27.326, 58.3
 27.326, 29.3
 27.326, 10.3
 27.326, 15.2
 27.326, 28.7
 27.326, 22.8
 27.326, -4.82
 27.326, -27.4
 27.326, -25.2
 27.326, -8.95
 27.326, -2.74
 27.326, -10.8
 27.326, -14.3
 27.326, -1.03
 27.326, 17.2
 27.326, 26.3
 27.326, 31.5
 27.326, 40
 27.326, 41.8
 27.326, 29.6
 27.326, 15.6
 27.326, 5.82
 27.326, -10.8
 27.326, -28.2
 27.326, -18.5
 27.326, 22.2
 27.326, 58.4
 27.326, 56.3
 27.326, 25.4
 27.326, 7.28
 27.326, 22.2
 27.326, 42.4
 27.326, 34.5
 27.326, 6.39
 27.326, -12.3
 27.326, -14.8
 27.326, -13
 27.326, -8.79
 27.326, 3.5
 27.326, 18.9
 27.326, 29
 27.326, 39.7
 27.326, 59.1
 27.326, 74.2
 27.326, 68.7
 27.440, 49.2
 27.440, 41
 27.440, 31.9
 27.440, 4.88
 27.440, -24.8
 27.440, -22.2
 27.440, 14.5
 27.440, 45.4
 27.440, 37
 27.440, -2.74
 27.440, -38.7
 27.440, -46.7
 27.440, -30.9
 27.440, -10.2
 27.440, 7.12
 27.440, 24.4
 27.440, 36.9
 27.440, 28.4
 27.440, -1.07
 27.440, -24.7
 27.440, -21
 27.440, -3.13
 27.440, -0.711
 27.440, -23.9
 27.440, -56.6
 27.440, -80.2
 27.440, -91.4
 27.440, -93.8
 27.440, -86.6
 27.440, -69.4
 27.440, -47.3
 27.440, -25.6
 27.440, -7.97
 27.440, -2.56
 27.440, -17.4
 27.440, -44.2
 27.440, -60.2
 27.440, -56.4
 27.440, -48.9
 27.440, -50.5
 27.440, -50.5
 27.440, -42.4
 27.440, -44.5
 27.440, -69.2
 27.440, -94.2
 27.440, -91.8
 27.440, -71
 27.440, -64.4
 27.440, -84.1
 27.440, -111
 27.440, -119
 27.440, -93.5
 27.440, -45.6
 27.440, -2.84
 27.440, 14.5
 27.440, 4.11
 27.440, -22.3
 27.440, -42.7
 27.440, -42.2
 27.440, -33.1
 27.440, -40
 27.440, -61.4
 27.440, -70.4
 27.440, -54.7
 27.564, -32.9
 27.564, -35.5
 27.564, -62.7
 27.564, -93.3
 27.564, -106
 27.564, -97.5
 27.564, -76.1
 27.564, -54.6
 27.564, -39.7
 27.564, -36.1
 27.564, -50.9
 27.564, -79.7
 27.564, -95.9
 27.564, -78.4
 27.564, -46.2
 27.564, -33.8
 27.564, -44.5
 27.564, -60.9
 27.564, -78.8
 27.564, -92.8
 27.564, -84.5
 27.564, -58.6
 27.564, -51.5
 27.564, -74.7
 27.564, -90.2
 27.564, -71.4
 27.564, -49.8
 27.564, -64.1
 27.564, -94.7
 27.564, -89.3
 27.564, -39
 27.564, 13.4
 27.564, 32.5
 27.564, 18.5
 27.564, -12.1
 27.564, -38.4
 27.564, -39.9
 27.564, -18.5
 27.564, -1.19
 27.564, -9.41
 27.564, -37.7
 27.564, -64.6
 27.564, -69.7
 27.564, -43.8
 27.564, 0.634
 27.564, 32.2
 27.564, 29.6
 27.564, 1.6
 27.564, -28.2
 27.564, -42.2
 27.564, -32.8
 27.564, -7.83
 27.564, 5.92
 27.564, -13.2
 27.564, -53.7
 27.564, -83.3
 27.564, -85.4
 27.564, -67.6
 27.564, -42.2
 27.564, -16.7
 27.564, -2.09
 27.564, -11.6
 27.564, -44.3
 27.564, -81.3
 27.672, -94.5
 27.672, -88.8
 27.672, -68.6
 27.672, -57.4
 27.672, -72.5
 27.672, -106
 27.672, -134
 27.672, -140
 27.672, -133
 27.672, -126
 27.672, -120
 27.672, -114
 27.672, -112
 27.672, -113
 27.672, -109
 27.672, -97.5
 27.672, -80.6
 27.672, -67.5
 27.672, -67.6
 27.672, -82.5
 27.672, -99.2
 27.672, -103
 27.672, -95.4
 27.672, -89.4
 27.672, -90.6
 27.672, -100
 27.672, -123
 27.672, -155
 27.672, -172
 27.672, -162
 27.672, -135
 27.672, -117
 27.672, -120
 27.672, -127
 27.672, -114
 27.672, -84.1
 27.672, -73.3
 27.672, -96.4
 27.672, -124
 27.672, -125
 27.672, -108
 27.672, -88.9
 27.672, -75.2
 27.672, -70.9
 27.672, -84.2
 27.672, -109
 27.672, -117
 27.672, -88.6
 27.672, -41.1
 27.672, -15
 27.672, -28.3
 27.672, -57.9
 27.672, -65.9
 27.672, -43.6
 27.672, -21.3
 27.672, -26.3
 27.672, -46.1
 27.672, -53.8
 27.672, -52.5
 27.672, -60.8
 27.672, -73.8
 27.672, -74.4
 27.672, -67.9
 27.672, -70.6
 27.837, -68.8
 27.837, -65.2
 27.837, -54.6
 27.837, -51.1
 27.837, -53.9
 27.837, -56.8
 27.837, -63.1
 27.837, -71.4
 27.837, -69.6
 27.837, -56.4
 27.837, -44.8
 27.837, -44.5
 27.837, -58
 27.837, -81.5
 27.837, -96
 27.837, -79.6
 27.837, -42
 27.837, -22.3
 27.837, -42.2
 27.837, -77.9
 27.837, -97.9
 27.837, -106
 27.837, -122
 27.837, -134
 27.837, -116
 27.837, -78.1
 27.837, -59
 27.837, -77.1
 27.837, -101
 27.837, -88.2
 27.837, -41.2
 27.837, 1.2
 27.837, 9.61
 27.837, -8.78
 27.837, -25.6
 27.837, -26.8
 27.837, -25
 27.837, -33
 27.837, -42.3
 27.837, -39.9
 27.837, -32
 27.837, -33.3
 27.837, -37
 27.837, -20.6
 27.837, 15.9
 27.837, 43.8
 27.837, 42.5
 27.837, 23.1
 27.837, 13.7
 27.837, 32.8
 27.837, 70
 27.837, 90.9
 27.837, 69.9
 27.837, 24.9
 27.837, 5.26
 27.837, 35.8
 27.837, 85.9
 27.837, 106
 27.837, 82.5
 27.837, 42.2
 27.837, 23.3
 27.837, 41.1
 27.837, 81.3
 27.837, 111
 27.947, 87.1
 27.947, 43.3
 27.947, -2.73
 27.947, -22.5
 27.947, -18.8
 27.947, -13.5
 27.947, -23.7
 27.947, -49.4
 27.947, -70.7
 27.947, -64.7
 27.947, -33.5
 27.947, -3.12
 27.947, 5.67
 27.947, -6.45
 27.947, -24.7
 27.947, -33.3
 27.947, -23.9
 27.947, -5.02
 27.947, -0.0167
 27.947, -16.5
 27.947, -20
 27.947, 24.3
 27.947, 90
 27.947, 119
 27.947, 103
 27.947, 82
 27.947, 78.2
 27.947, 82.6
 27.947, 84.7
 27.947, 84.2
 27.947, 80
 27.947, 72.8
 27.947, 67.6
 27.947, 60.7
 27.947, 38.2
 27.947, 4.86
 27.947, -0.326
 27.947, 51.7
 27.947, 122
 27.947, 131
 27.947, 63.7
 27.947, 0.921
 27.947, 18.5
 27.947, 98
 27.947, 164
 27.947, 171
 27.947, 127
 27.947, 74.3
 27.947, 64.5
 27.947, 105
 27.947, 144
 27.947, 133
 27.947, 86.7
 27.947, 53.4
 27.947, 51.7
 27.947, 71
 27.947, 97.8
 27.947, 130
 27.947, 176
 27.947, 228
 27.947, 253
 27.947, 226
 27.947, 176
 27.947, 149
 28.059, 125
 28.059, 127
 28.059, 138
 28.059, 184
 28.059, 249
 28.059, 276
 28.059, 248
 28.059, 213
 28.059, 224
 28.059, 275
 28.059, 324
 28.059, 345
 28.059, 340
 28.059, 323
 28.059, 311
 28.059, 310
 28.059, 309
 28.059, 296
 28.059, 274
 28.059, 260
 28.059, 257
 28.059, 249
 28.059, 228
 28.059, 204
 28.059, 191
 28.059, 182
 28.059, 170
 28.059, 168
 28.059, 189
 28.059, 229
 28.059, 263
 28.059, 270
 28.059, 250
 28.059, 231
 28.059, 235
 28.059, 249
 28.059, 238
 28.059, 200
 28.059, 175
 28.059, 188
 28.059, 221
 28.059, 242
 28.059, 253
 28.059, 271
 28.059, 290
 28.059, 293
 28.059, 283
 28.059, 273
 28.059, 260
 28.059, 240
 28.059, 223
 28.059, 222
 28.059, 226
 28.059, 220
 28.059, 215
 28.059, 224
 28.059, 230
 28.059, 212
 28.059, 194
 28.059, 205
 28.059, 226
 28.059, 214
 28.059, 177
 28.059, 177
 28.175, 217
 28.175, 263
 28.175, 231
 28.175, 151
 28.175, 108
 28.175, 137
 28.175, 191
 28.175, 216
 28.175, 204
 28.175, 185
 28.175, 177
 28.175, 176
 28.175, 175
 28.175, 184
 28.175, 204
 28.175, 212
 28.175, 184
 28.175, 134
 28.175, 94.9
 28.175, 90.6
 28.175, 116
 28.175, 145
 28.175, 151
 28.175, 127
 28.175, 95.1
 28.175, 88.6
 28.175, 123
 28.175, 172
 28.175, 195
 28.175, 177
 28.175, 146
 28.175, 133
 28.175, 141
 28.175, 145
 28.175, 137
 28.175, 133
 28.175, 148
 28.175, 168
 28.175, 168
 28.175, 146
 28.175, 120
 28.175, 105
 28.175, 101
 28.175, 104
 28.175, 109
 28.175, 119
 28.175, 139
 28.175, 167
 28.175, 181
 28.175, 157
 28.175, 110
 28.175, 79.7
 28.175, 84.2
 28.175, 100
 28.175, 97.2
 28.175, 74.1
 28.175, 52.5
 28.175, 45.7
 28.175, 42.5
 28.175, 23.8
 28.175, -7.58
 28.175, -23.1
 28.175, -2.84
 28.175, 29.9
 28.291, 27
 28.291, 6.25
 28.291, -4.29
 28.291, 5.46
 28.291, 9.75
 28.291, -4.12
 28.291, -16.1
 28.291, -5.8
 28.291, 23.1
 28.291, 52.5
 28.291, 67.4
 28.291, 66.9
 28.291, 65.5
 28.291, 79.4
 28.291, 114
 28.291, 159
 28.291, 195
 28.291, 199
 28.291, 170
 28.291, 134
 28.291, 116
 28.291, 122
 28.291, 138
 28.291, 157
 28.291, 174
 28.291, 176
 28.291, 160
 28.291, 142
 28.291, 134
 28.291, 125
 28.291, 112
 28.291, 112
 28.291, 134
 28.291, 153
 28.291, 143
 28.291, 115
 28.291, 98.3
 28.291, 109
 28.291, 139
 28.291, 161
 28.291, 151
 28.291, 112
 28.291, 67.5
 28.291, 42.7
 28.291, 30.4
 28.291, 3.86
 28.291, -44.4
 28.291, -88.7
 28.291, -99.4
 28.291, -78.9
 28.291, -61.5
 28.291, -72.4
 28.291, -95.3
 28.291, -92.3
 28.291, -53
 28.291, -8.89
 28.291, 4.43
 28.291, -11.3
 28.291, -26.5
 28.291, -24.4
 28.291, -16.1
 28.291, -17.7
 28.291, -26.6
 28.291, -27.4
 28.445, -20.4
 28.445, 1.37
 28.445, 20.5
 28.445, 26.8
 28.445, 10.1
 28.445, -23.4
 28.445, -44.8
 28.445, -37.5
 28.445, -24.3
 28.445, -35.1
 28.445, -64.6
 28.445, -82.3
 28.445, -75.7
 28.445, -61.7
 28.445, -52.1
 28.445, -34.4
 28.445, -5.1
 28.445, 10.3
 28.445, -4.12
 28.445, -24.2
 28.445, -21.7
 28.445, -5.31
 28.445, 0.577
 28.445, -8.93
 28.445, -19.5
 28.445, -17.1
 28.445, -2.81
 28.445, 7.87
 28.445, 6.59
 28.445, 2.82
 28.445, 3.94
 28.445, 0.392
 28.445, -16.9
 28.445, -38.6
 28.445, -49
 28.445, -46.2
 28.445, -36.9
 28.445, -23.4
 28.445, -9.87
 28.445, -11.4
 28.445, -35.5
 28.445, -56.9
 28.445, -41
 28.445, 4.62
 28.445, 31
 28.445, 10.7
 28.445, -31.5
 28.445, -60.9
 28.445, -75.4
 28.445, -88.1
 28.445, -97.4
 28.445, -97.9
 28.445, -96.9
 28.445, -98.9
 28.445, -95.1
 28.445, -83.6
 28.445, -72.7
 28.445, -59.5
 28.445, -35
 28.445, -9.79
 28.445, -2.25
 28.445, -6.06
 28.445, -3.67
 28.445, -3.85
 28.564, -29.1
 28.564, -70.5
 28.564, -90.8
 28.564, -78.4
 28.564, -61.7
 28.564, -63.8
 28.564, -78.3
 28.564, -93.5
 28.564, -108
 28.564, -116
 28.564, -109
 28.564, -88.7
 28.564, -66.8
 28.564, -51.8
 28.564, -45.2
 28.564, -48.9
 28.564, -62.3
 28.564, -80.1
 28.564, -99.8
 28.564, -121
 28.564, -136
 28.564, -134
 28.564, -116
 28.564, -106
 28.564, -123
 28.564, -152
 28.564, -158
 28.564, -130
 28.564, -102
 28.564, -98.8
 28.564, -104
 28.564, -99.3
 28.564, -88.1
 28.564, -82.1
 28.564, -84.8
 28.564, -96.8
 28.564, -115
 28.564, -125
 28.564, -119
 28.564, -106
 28.564, -97.5
 28.564, -90.7
 28.564, -75.6
 28.564, -59
 28.564, -56.1
 28.564, -65.8
 28.564, -77
 28.564, -89.2
 28.564, -104
 28.564, -117
 28.564, -127
 28.564, -143
 28.564, -158
 28.564, -165
 28.564, -165
 28.564, -166
 28.564, -170
 28.564, -165
 28.564, -139
 28.564, -101
 28.564, -85
 28.564, -103
 28.564, -123
 28.564, -115
 28.688, -90.9
 28.688, -76.3
 28.688, -81.2
 28.688, -90.1
 28.688, -95.6
 28.688, -101
 28.688, -98.4
 28.688, -75.8
 28.688, -50.1
 28.688, -58.7
 28.688, -104
 28.688, -141
 28.688, -134
 28.688, -103
 28.688, -91.9
 28.688, -114
 28.688, -142
 28.688, -141
 28.688, -111
 28.688, -88.2
 28.688, -105
 28.688, -140
 28.688, -151
 28.688, -127
 28.688, -108
 28.688, -126
 28.688, -165
 28.688, -181
 28.688, -158
 28.688, -120
 28.688, -102
 28.688, -113
 28.688, -132
 28.688, -133
 28.688, -117
 28.688, -109
 28.688, -123
 28.688, -142
 28.688, -145
 28.688, -142
 28.688, -157
 28.688, -187
 28.688, -200
 28.688, -183
 28.688, -158
 28.688, -153
 28.688, -164
 28.688, -166
 28.688, -155
 28.688, -146
 28.688, -147
 28.688, -146
 28.688, -133
 28.688, -122
 28.688, -126
 28.688, -141
 28.688, -146
 28.688, -144
 28.688, -151
 28.688, -163
 28.688, -159
 28.688, -141
 28.688, -135
 28.688, -155
 28.809, -172
 28.809, -163
 28.809, -127
 28.809, -99.2
 28.809, -101
 28.809, -118
 28.809, -123
 28.809, -105
 28.809, -81.4
 28.809, -75.7
 28.809, -92.7
 28.809, -117
 28.809, -136
 28.809, -157
 28.809, -183
 28.809, -195
 28.809, -177
 28.809, -152
 28.809, -155
 28.809, -184
 28.809, -215
 28.809, -231
 28.809, -240
 28.809, -245
 28.809, -250
 28.809, -257
 28.809, -270
 28.809, -278
 28.809, -275
 28.809, -264
 28.809, -250
 28.809, -224
 28.809, -183
 28.809, -146
 28.809, -133
 28.809, -140
 28.809, -149
 28.809, -151
 28.809, -152
 28.809, -153
 28.809, -149
 28.809, -135
 28.809, -117
 28.809, -106
 28.809, -103
 28.809, -101
 28.809, -98.8
 28.809, -105
 28.809, -117
 28.809, -108
 28.809, -66
 28.809, -25.5
 28.809, -25.7
 28.809, -53
 28.809, -61.9
 28.809, -41.1
 28.809, -16.2
 28.809, -2.65
 28.809, 2.5
 28.809, -1.8
 28.809, -16.4
 28.809, -28.9
 28.809, -26.9
 28.809, -15.4
 28.957, 0.0164
 28.957, -4.28
 28.957, -15
 28.957, -21
 28.957, -14.2
 28.957, -1.03
 28.957, 0.0873
 28.957, -21.4
 28.957, -51.1
 28.957, -62.3
 28.957, -47.9
 28.957, -31.3
 28.957, -37.3
 28.957, -60.7
 28.957, -76.8
 28.957, -74.8
 28.957, -63.3
 28.957, -54
 28.957, -54.9
 28.957, -67.1
 28.957, -75.5
 28.957, -59
 28.957, -24.6
 28.957, -8.46
 28.957, -27.8
 28.957, -57.4
 28.957, -67.6
 28.957, -60.6
 28.957, -55.2
 28.957, -55.3
 28.957, -48.4
 28.957, -34.4
 28.957, -38.1
 28.957, -75.5
 28.957, -114
 28.957, -111
 28.957, -84.6
 28.957, -91.4
 28.957, -135
 28.957, -162
 28.957, -144
 28.957, -114
 28.957, -107
 28.957, -122
 28.957, -140
 28.957, -154
 28.957, -161
 28.957, -159
 28.957, -152
 28.957, -153
 28.957, -149
 28.957, -108
 28.957, -23.3
 28.957, 60
 28.957, 91.1
 28.957, 74.3
 28.957, 57.3
 28.957, 70.2
 28.957, 98.9
 28.957, 111
 28.957, 95.6
 28.957, 68.6
 28.957, 41.7
 28.957, 10.2
 29.079, 16.5
 29.079, -1.65
 29.079, 6.83
 29.079, 29.4
 29.079, 34.1
 29.079, -4.48
 29.079, -70.8
 29.079, -111
 29.079, -94.4
 29.079, -52.2
 29.079, -45.5
 29.079, -90.6
 29.079, -140
 29.079, -144
 29.079, -113
 29.079, -100
 29.079, -128
 29.079, -166
 29.079, -179
 29.079, -157
 29.079, -120
 29.079, -101
 29.079, -118
 29.079, -148
 29.079, -147
 29.079, -111
 29.079, -78.9
 29.079, -82.7
 29.079, -108
 29.079, -117
 29.079, -98
 29.079, -71.3
 29.079, -66
 29.079, -81
 29.079, -85.4
 29.079, -59.8
 29.079, -26.2
 29.079, -19.1
 29.079, -37.5
 29.079, -53.3
 29.079, -56.4
 29.079, -60.2
 29.079, -66
 29.079, -57.9
 29.079, -37.2
 29.079, -27.5
 29.079, -38.5
 29.079, -51.9
 29.079, -51.4
 29.079, -42.1
 29.079, -36.1
 29.079, -38.4
 29.079, -46.4
 29.079, -49.7
 29.079, -34.2
 29.079, -4.65
 29.079, 13.3
 29.079, 5.71
 29.079, -8.75
 29.079, -2.16
 29.079, 28.2
 29.079, 51.4
 29.079, 35.6
 29.079, -7.48
 29.188, -5.82
 29.188, 1.52
 29.188, 19.4
 29.188, 29.3
 29.188, 29.1
 29.188, 15.8
 29.188, -5.6
 29.188, -18.3
 29.188, -21.1
 29.188, -27.4
 29.188, -36.4
 29.188, -36.5
 29.188, -32.1
 29.188, -32.5
 29.188, -27.3
 29.188, -5.24
 29.188, 13
 29.188, -0.791
 29.188, -31.5
 29.188, -30.4
 29.188, 17.6
 29.188, 66
 29.188, 58.1
 29.188, -10.1
 29.188, -88.1
 29.188, -122
 29.188, -104
 29.188, -68
 29.188, -48.1
 29.188, -45.2
 29.188, -42.1
 29.188, -35.1
 29.188, -33.2
 29.188, -39.2
 29.188, -47.8
 29.188, -51.8
 29.188, -46.8
 29.188, -35
 29.188, -26.4
 29.188, -32.3
 29.188, -51.7
 29.188, -67
 29.188, -60.5
 29.188, -36.5
 29.188, -20.2
 29.188, -29.4
 29.188, -52.7
 29.188, -64.7
 29.188, -61.8
 29.188, -62.2
 29.188, -67.3
 29.188, -55.1
 29.188, -20.6
 29.188, 7
 29.188, 1.37
 29.188, -27.6
 29.188, -51.2
 29.188, -54.2
 29.188, -37.1
 29.188, -13.1
 29.188, -12.5
 29.188, -56
 29.188, -114
 29.188, -131
 29.296, -55.7
 29.296, -27
 29.296, -34.6
 29.296, -59.3
 29.296, -74.9
 29.296, -83.1
 29.296, -88.6
 29.296, -79.1
 29.296, -53.1
 29.296, -36.8
 29.296, -46.5
 29.296, -62.2
 29.296, -60.7
 29.296, -48.4
 29.296, -46.6
 29.296, -63.4
 29.296, -88.7
 29.296, -111
 29.296, -133
 29.296, -156
 29.296, -160
 29.296, -134
 29.296, -102
 29.296, -94.8
 29.296, -109
 29.296, -121
 29.296, -124
 29.296, -122
 29.296, -112
 29.296, -91.4
 29.296, -74.4
 29.296, -83.8
 29.296, -121
 29.296, -166
 29.296, -202
 29.296, -227
 29.296, -232
 29.296, -218
 29.296, -212
 29.296, -237
 29.296, -271
 29.296, -283
 29.296, -274
 29.296, -261
 29.296, -252
 29.296, -251
 29.296, -257
 29.296, -260
 29.296, -254
 29.296, -254
 29.296, -269
 29.296, -288
 29.296, -293
 29.296, -292
 29.296, -297
 29.296, -302
 29.296, -297
 29.296, -298
 29.296, -329
 29.296, -367
 29.296, -362
 29.296, -313
 29.296, -267
 29.296, -254
 29.430, -340
 29.430, -344
 29.430, -342
 29.430, -327
 29.430, -284
 29.430, -228
 29.430, -205
 29.430, -234
 29.430, -268
 29.430, -260
 29.430, -230
 29.430, -232
 29.430, -270
 29.430, -296
 29.430, -290
 29.430, -280
 29.430, -288
 29.430, -286
 29.430, -246
 29.430, -189
 29.430, -165
 29.430, -190
 29.430, -215
 29.430, -183
 29.430, -80.4
 29.430, 51.4
 29.430, 158
 29.430, 220
 29.430, 266
 29.430, 324
 29.430, 370
 29.430, 383
 29.430, 430
 29.430, 579
 29.430, 773
 29.430, 890
 29.430, 911
 29.430, 930
 29.430, 1.01e+003
 29.430, 1.14e+003
 29.430, 1.27e+003
 29.430, 1.38e+003
 29.430, 1.43e+003
 29.430, 1.42e+003
 29.430, 1.37e+003
 29.430, 1.34e+003
 29.430, 1.36e+003
 29.430, 1.41e+003
 29.430, 1.48e+003
 29.430, 1.56e+003
 29.430, 1.64e+003
 29.430, 1.68e+003
 29.430, 1.68e+003
 29.430, 1.68e+003
 29.430, 1.7e+003
 29.430, 1.71e+003
 29.430, 1.69e+003
 29.430, 1.65e+003
 29.430, 1.62e+003
 29.430, 1.59e+003
 29.430, 1.55e+003
 29.430, 1.5e+003
 29.430, 1.44e+003
 29.430, 1.38e+003
 29.574, 1.27e+003
 29.574, 1.22e+003
 29.574, 1.17e+003
 29.574, 1.12e+003
 29.574, 1.08e+003
 29.574, 1.04e+003
 29.574, 995
 29.574, 955
 29.574, 918
 29.574, 881
 29.574, 845
 29.574, 811
 29.574, 779
 29.574, 748
 29.574, 717
 29.574, 688
 29.574, 659
 29.574, 633
 29.574, 607
 29.574, 582
 29.574, 557
 29.574, 533
 29.574, 511
 29.574, 490
 29.574, 469
 29.574, 448
 29.574, 429
 29.574, 412
 29.574, 394
 29.574, 376
 29.574, 358
 29.574, 341
 29.574, 326
 29.574, 312
 29.574, 298
 29.574, 285
 29.574, 271
 29.574, 258
 29.574, 246
 29.574, 234
 29.574, 223
 29.574, 212
 29.574, 200
 29.574, 190
 29.574, 181
 29.574, 172
 29.574, 162
 29.574, 152
 29.574, 144
 29.574, 136
 29.574, 129
 29.574, 121
 29.574, 114
 29.574, 108
 29.574, 101
 29.574, 94.7
 29.574, 88.1
 29.574, 82.2
 29.574, 76.9
 29.574, 71.4
 29.574, 65.7
 29.574, 60.5
 29.574, 55.6
 29.574, 50.9
 29.698, 152
 29.698, 147
 29.698, 142
 29.698, 138
 29.698, 135
 29.698, 130
 29.698, 126
 29.698, 123
 29.698, 120
 29.698, 116
 29.698, 111
 29.698, 106
 29.698, 101
 29.698, 93.3
 29.698, 82.9
 29.698, 72
 29.698, 61.9
 29.698, 48.9
 29.698, 27.1
 29.698, -4.21
 29.698, -40.3
 29.698, -77.3
 29.698, -112
 29.698, -139
 29.698, -164
 29.698, -209
 29.698, -286
 29.698, -365
 29.698, -407
 29.698, -415
 29.698, -438
 29.698, -516
 29.698, -644
 29.698, -789
 29.698, -912
 29.698, -992
 29.698, -1.03e+003
 29.698, -1.07e+003
 29.698, -1.16e+003
 29.698, -1.32e+003
 29.698, -1.46e+003
 29.698, -1.53e+003
 29.698, -1.56e+003
 29.698, -1.62e+003
 29.698, -1.7e+003
 29.698, -1.76e+003
 29.698, -1.78e+003
 29.698, -1.81e+003
 29.698, -1.88e+003
 29.698, -1.96e+003
 29.698, -1.99e+003
 29.698, -1.98e+003
 29.698, -1.98e+003
 29.698, -2.01e+003
 29.698, -2.05e+003
 29.698, -2.06e+003
 29.698, -2.02e+003
 29.698, -1.95e+003
 29.698, -1.88e+003
 29.698, -1.86e+003
 29.698, -1.86e+003
 29.698, -1.87e+003
 29.698, -1.86e+003
 29.698, -1.86e+003
